internalTaxonId,scientificName,kingdomName,phylumName,className,orderName,familyName,genusName,speciesName,infraType,infraName,infraAuthority,subpopulationName,authority,taxonomicNotes
12649,Macrothele cretica,ANIMALIA,ARTHROPODA,ARACHNIDA,ARANEAE,MACROTHELIDAE,Macrothele,cretica,,,,,"Kulczynski, 1903",According to the World Spider Catalog&#160;<em>Macrothele</em> should be placed in its own family the Macrothelidae.
14794,Niphargobates lefkodemonaki,ANIMALIA,ARTHROPODA,MALACOSTRACA,AMPHIPODA,NIPHARGIDAE,Niphargobates,lefkodemonaki,,,,,"Sket, 1990",
157591,Brachygonus meraculus,ANIMALIA,ARTHROPODA,INSECTA,COLEOPTERA,ELATERIDAE,Brachygonus,meraculus,,,,,"(Reitter, 1889)",
173273,Polyommatus eleniae,ANIMALIA,ARTHROPODA,INSECTA,LEPIDOPTERA,LYCAENIDAE,Polyommatus,eleniae,,,,,"Coutsis &amp; De Prins, 2005",
20938,Strongylognathus silvestrii,ANIMALIA,ARTHROPODA,INSECTA,HYMENOPTERA,FORMICIDAE,Strongylognathus,silvestrii,,,,,"Menozzi, 1936",
40730,Epimyrma adlerzi,ANIMALIA,ARTHROPODA,INSECTA,HYMENOPTERA,FORMICIDAE,Epimyrma,adlerzi,,,,,"Douwes, Jessen &amp; Buschinger, 1988",
13304723,Colletes creticus,ANIMALIA,ARTHROPODA,INSECTA,HYMENOPTERA,COLLETIDAE,Colletes,creticus,,,,,"Noskiewicz, 1936",
13307748,Colletes standfussi,ANIMALIA,ARTHROPODA,INSECTA,HYMENOPTERA,COLLETIDAE,Colletes,standfussi,,,,,"Kuhlmann, 2003",
13317994,Panurginus schwarzi,ANIMALIA,ARTHROPODA,INSECTA,HYMENOPTERA,ANDRENIDAE,Panurginus,schwarzi,,,,,"(Warncke, 1972)",
13320615,Ceratina teunisseni,ANIMALIA,ARTHROPODA,INSECTA,HYMENOPTERA,APIDAE,Ceratina,teunisseni,,,,,"Terzo and Rasmont, 1997",
13338039,Halictus holomelaenus,ANIMALIA,ARTHROPODA,INSECTA,HYMENOPTERA,HALICTIDAE,Halictus,holomelaenus,,,,,"Blüthgen, 1936",
13338042,Seladonia inpilosa,ANIMALIA,ARTHROPODA,INSECTA,HYMENOPTERA,HALICTIDAE,Seladonia,inpilosa,,,,,"(Ebmer, 1975)",
17046314,Dolichopoda hussoni,ANIMALIA,ARTHROPODA,INSECTA,ORTHOPTERA,RHAPHIDOPHORIDAE,Dolichopoda,hussoni,,,,,"Chopard, 1934",
16084525,Oropodisma chelmosi,ANIMALIA,ARTHROPODA,INSECTA,ORTHOPTERA,ACRIDIDAE,Oropodisma,chelmosi,,,,,"Uvarov, 1942",
16084523,Oropodisma willemsei,ANIMALIA,ARTHROPODA,INSECTA,ORTHOPTERA,ACRIDIDAE,Oropodisma,willemsei,,,,,"La Greca &amp; Messina, 1976",
16084420,Oropodisma karavica,ANIMALIA,ARTHROPODA,INSECTA,ORTHOPTERA,ACRIDIDAE,Oropodisma,karavica,,,,,"La Greca &amp; Messina, 1977",
19198562,Andrena olympica,ANIMALIA,ARTHROPODA,INSECTA,HYMENOPTERA,ANDRENIDAE,Andrena,olympica,,,,,"Grünwaldt, 2005",
19198587,Andrena standfussorum,ANIMALIA,ARTHROPODA,INSECTA,HYMENOPTERA,ANDRENIDAE,Andrena,standfussorum,,,,,"Scheuchl, 2010",
19199004,Andrena trikalensis,ANIMALIA,ARTHROPODA,INSECTA,HYMENOPTERA,ANDRENIDAE,Andrena,trikalensis,,,,,"Warncke, 1965",
19199804,Hylaeus hellenicus,ANIMALIA,ARTHROPODA,INSECTA,HYMENOPTERA,COLLETIDAE,Hylaeus,hellenicus,,,,,"Dathe, 2000",The taxon is a member of the<em> H. nivalis </em>group (Dathe 2000).
19199635,Hylaeus koenigsmanni,ANIMALIA,ARTHROPODA,INSECTA,HYMENOPTERA,COLLETIDAE,Hylaeus,koenigsmanni,,,,,"Dathe, 1981",The taxon is a member of the <em>Hylaeus nivalis</em> group (Dathe 2000).
19199942,Hylaeus milossus,ANIMALIA,ARTHROPODA,INSECTA,HYMENOPTERA,COLLETIDAE,Hylaeus,milossus,,,,,"(Warncke, 1981)","This species belongs to a highly diverse taxonomic group, which is not yet fully understood. It is probably a local variant only and is closely related to <em>Hylaeus hyalinatus.</em>"
19198984,Epeolus sigillatus,ANIMALIA,ARTHROPODA,INSECTA,HYMENOPTERA,APIDAE,Epeolus,sigillatus,,,,,"Alfken, 1930",
19199770,Chelostoma hellenicum,ANIMALIA,ARTHROPODA,INSECTA,HYMENOPTERA,MEGACHILIDAE,Chelostoma,hellenicum,,,,,"(Benoist, 1938)",
19198822,Chelostoma laticaudum,ANIMALIA,ARTHROPODA,INSECTA,HYMENOPTERA,MEGACHILIDAE,Chelostoma,laticaudum,,,,,"(Benoist, 1938)",
19199179,Hoplitis cretaea,ANIMALIA,ARTHROPODA,INSECTA,HYMENOPTERA,MEGACHILIDAE,Hoplitis,cretaea,,,,,"(Tkalců, 1992)",
19198606,Hoplitis fabrei,ANIMALIA,ARTHROPODA,INSECTA,HYMENOPTERA,MEGACHILIDAE,Hoplitis,fabrei,,,,,"van der Zanden, 1987",
19199563,Hoplitis graeca,ANIMALIA,ARTHROPODA,INSECTA,HYMENOPTERA,MEGACHILIDAE,Hoplitis,graeca,,,,,"(Tkalců, 2000)",
19198429,Hoplitis parnesica,ANIMALIA,ARTHROPODA,INSECTA,HYMENOPTERA,MEGACHILIDAE,Hoplitis,parnesica,,,,,"(Mavromoustakis, 1958)",
19199889,Osmia ariadne,ANIMALIA,ARTHROPODA,INSECTA,HYMENOPTERA,MEGACHILIDAE,Osmia,ariadne,,,,,"Peters, 1978",
19199847,Osmia mirhiji,ANIMALIA,ARTHROPODA,INSECTA,HYMENOPTERA,MEGACHILIDAE,Osmia,mirhiji,,,,,"Mavromoustakis, 1957",
19199916,Osmia moreensis,ANIMALIA,ARTHROPODA,INSECTA,HYMENOPTERA,MEGACHILIDAE,Osmia,moreensis,,,,,"van der Zanden, 1984",
19198560,Nomada gruenwaldti,ANIMALIA,ARTHROPODA,INSECTA,HYMENOPTERA,APIDAE,Nomada,gruenwaldti,,,,,"Schwarz, 1979",
19199805,Nomada priesneri,ANIMALIA,ARTHROPODA,INSECTA,HYMENOPTERA,APIDAE,Nomada,priesneri,,,,,"Schwarz, 1965",
19199755,Nomada standfussi,ANIMALIA,ARTHROPODA,INSECTA,HYMENOPTERA,APIDAE,Nomada,standfussi,,,,,"Schwarz, 2007",
42428291,Atyaephyra strymonensis,ANIMALIA,ARTHROPODA,MALACOSTRACA,DECAPODA,ATYIDAE,Atyaephyra,strymonensis,,,,,"Christodoulou, Antoniou, Magoulas &amp; Koukouras, 2012",
42428293,Atyaephyra thyamisensis,ANIMALIA,ARTHROPODA,MALACOSTRACA,DECAPODA,ATYIDAE,Atyaephyra,thyamisensis,,,,,"Christodoulou, Antoniou, Magoulas &amp; Koukouras, 2012",
42463645,Nomada cretensis,ANIMALIA,ARTHROPODA,INSECTA,HYMENOPTERA,APIDAE,Nomada,cretensis,,,,,"Schulz, 1906",
19198726,Andrena grossella,ANIMALIA,ARTHROPODA,INSECTA,HYMENOPTERA,ANDRENIDAE,Andrena,grossella,,,,,"Grünwaldt, 1976",
19199403,Lasioglossum leucomontanum,ANIMALIA,ARTHROPODA,INSECTA,HYMENOPTERA,HALICTIDAE,Lasioglossum,leucomontanum,,,,,"Ebmer, 1981",
19199243,Lasioglossum ariadne,ANIMALIA,ARTHROPODA,INSECTA,HYMENOPTERA,HALICTIDAE,Lasioglossum,ariadne,,,,,"Ebmer, 1981",
19199653,Andrena chelma,ANIMALIA,ARTHROPODA,INSECTA,HYMENOPTERA,ANDRENIDAE,Andrena,chelma,,,,,"Warncke, 1975",
21138032,Andrena ebmerella,ANIMALIA,ARTHROPODA,INSECTA,HYMENOPTERA,ANDRENIDAE,Andrena,ebmerella,,,,,"Scheuchl, 2011",The subgeneric attribution of&#160;<em>Andrena ebmerella</em>&#160;is uncertain.
19199759,Andrena helenica,ANIMALIA,ARTHROPODA,INSECTA,HYMENOPTERA,ANDRENIDAE,Andrena,helenica,,,,,"Warncke, 1965",
19198891,Andrena muscaria,ANIMALIA,ARTHROPODA,INSECTA,HYMENOPTERA,ANDRENIDAE,Andrena,muscaria,,,,,"Warncke, 1965",
19199467,Andrena neovirida,ANIMALIA,ARTHROPODA,INSECTA,HYMENOPTERA,ANDRENIDAE,Andrena,neovirida,,,,,"Grünwaldt, 2005",
157814,Anaglyptus luteofasciatus,ANIMALIA,ARTHROPODA,INSECTA,COLEOPTERA,CERAMBYCIDAE,Anaglyptus,luteofasciatus,,,,,"Pic, 1905",
157893,Anaglyptus praecellens,ANIMALIA,ARTHROPODA,INSECTA,COLEOPTERA,CERAMBYCIDAE,Anaglyptus,praecellens,,,,,"Holzschuh, 1981",
157864,Isotomus jarmilae,ANIMALIA,ARTHROPODA,INSECTA,COLEOPTERA,CERAMBYCIDAE,Isotomus,jarmilae,,,,,"Slama, 1982",
157668,Ampedus karneri,ANIMALIA,ARTHROPODA,INSECTA,COLEOPTERA,ELATERIDAE,Ampedus,karneri,,,,,"Schimmel , 1996",
157643,Ampedus macedonicus,ANIMALIA,ARTHROPODA,INSECTA,COLEOPTERA,ELATERIDAE,Ampedus,macedonicus,,,,,"Schimmel , 1996",
157495,Ampedus minos,ANIMALIA,ARTHROPODA,INSECTA,COLEOPTERA,ELATERIDAE,Ampedus,minos,,,,,"Wurst, 1997",
157759,Procraerus cretensis,ANIMALIA,ARTHROPODA,INSECTA,COLEOPTERA,ELATERIDAE,Procraerus,cretensis,,,,,"Platia &amp; Gudenzi, 1996",
45462302,Eupholidoptera cephalonica,ANIMALIA,ARTHROPODA,INSECTA,ORTHOPTERA,TETTIGONIIDAE,Eupholidoptera,cephalonica,,,,,"Willemse &amp; Willemse, 2004",
45462354,Eupholidoptera epirotica,ANIMALIA,ARTHROPODA,INSECTA,ORTHOPTERA,TETTIGONIIDAE,Eupholidoptera,epirotica,,,,,"(Ramme, 1927)",
45462525,Eupholidoptera leucasi,ANIMALIA,ARTHROPODA,INSECTA,ORTHOPTERA,TETTIGONIIDAE,Eupholidoptera,leucasi,,,,,"Willemse, 1980",
45462624,Eupholidoptera megastyla,ANIMALIA,ARTHROPODA,INSECTA,ORTHOPTERA,TETTIGONIIDAE,Eupholidoptera,megastyla,,,,,"(Ramme, 1939)",
45463146,Eupholidoptera uvarovi,ANIMALIA,ARTHROPODA,INSECTA,ORTHOPTERA,TETTIGONIIDAE,Eupholidoptera,uvarovi,,,,,"(Karabag, 1952)",
45463212,Eupholidoptera forcipata,ANIMALIA,ARTHROPODA,INSECTA,ORTHOPTERA,TETTIGONIIDAE,Eupholidoptera,forcipata,,,,,"Willemse &amp; Kruseman, 1976",
45463223,Eupholidoptera icariensis,ANIMALIA,ARTHROPODA,INSECTA,ORTHOPTERA,TETTIGONIIDAE,Eupholidoptera,icariensis,,,,,"Willemse, 1980",
45463233,Eupholidoptera jacquelinae,ANIMALIA,ARTHROPODA,INSECTA,ORTHOPTERA,TETTIGONIIDAE,Eupholidoptera,jacquelinae,,,,,"Tilmans, 2002",
45463250,Eupholidoptera kykladica,ANIMALIA,ARTHROPODA,INSECTA,ORTHOPTERA,TETTIGONIIDAE,Eupholidoptera,kykladica,,,,,"Çiplak, Heller &amp; Willemse, 2009",
45463281,Eupholidoptera spinigera,ANIMALIA,ARTHROPODA,INSECTA,ORTHOPTERA,TETTIGONIIDAE,Eupholidoptera,spinigera,,,,,"(Ramme, 1930)",
45463331,Eupholidoptera annamariae,ANIMALIA,ARTHROPODA,INSECTA,ORTHOPTERA,TETTIGONIIDAE,Eupholidoptera,annamariae,,,,,"Nadig, 1985",
45463340,Eupholidoptera astyla,ANIMALIA,ARTHROPODA,INSECTA,ORTHOPTERA,TETTIGONIIDAE,Eupholidoptera,astyla,,,,,"(Ramme, 1927)",
45463463,Eupholidoptera feri,ANIMALIA,ARTHROPODA,INSECTA,ORTHOPTERA,TETTIGONIIDAE,Eupholidoptera,feri,,,,,"Koçak &amp; Kemal, 2010",
45463473,Eupholidoptera giuliae,ANIMALIA,ARTHROPODA,INSECTA,ORTHOPTERA,TETTIGONIIDAE,Eupholidoptera,giuliae,,,,,"Massa, 1999",
45463493,Eupholidoptera latens,ANIMALIA,ARTHROPODA,INSECTA,ORTHOPTERA,TETTIGONIIDAE,Eupholidoptera,latens,,,,,"Willemse &amp; Kruseman, 1976",
45463502,Eupholidoptera mariannae,ANIMALIA,ARTHROPODA,INSECTA,ORTHOPTERA,TETTIGONIIDAE,Eupholidoptera,mariannae,,,,,"Willemse &amp; Heller, 2001",
45466678,Poecilimon pindos,ANIMALIA,ARTHROPODA,INSECTA,ORTHOPTERA,TETTIGONIIDAE,Poecilimon,pindos,,,,,"Willemse, 1982",
157538,Pseudosphegesthes bergeri,ANIMALIA,ARTHROPODA,INSECTA,COLEOPTERA,CERAMBYCIDAE,Pseudosphegesthes,bergeri,,,,,"Slama, 1982",
157493,Purpuricenus graecus,ANIMALIA,ARTHROPODA,INSECTA,COLEOPTERA,CERAMBYCIDAE,Purpuricenus,graecus,,,,,"Slama, 1993","Described in 1993 as one of four species identified within a species complex (with <span style=""font-style: italic;"">P. budensis</span>, <span style=""font-style: italic;"">P. caucasicus</span> and other). Delimitation and distributional ranges are not yet clear."
157798,Stenopterus creticus,ANIMALIA,ARTHROPODA,INSECTA,COLEOPTERA,CERAMBYCIDAE,Stenopterus,creticus,,,,,"Sama, 1995",
157771,Trichoferus bergeri,ANIMALIA,ARTHROPODA,INSECTA,COLEOPTERA,CERAMBYCIDAE,Trichoferus,bergeri,,,,,"Holzschuh, 1982",
47262019,Ampedus cretensis,ANIMALIA,ARTHROPODA,INSECTA,COLEOPTERA,ELATERIDAE,Ampedus,cretensis,,,,,"Platia, 2004",
47262622,Ampedus vignai,ANIMALIA,ARTHROPODA,INSECTA,COLEOPTERA,ELATERIDAE,Ampedus,vignai,,,,,"Guglielmi &amp; Platia, 1985",
47263254,Elater asmodaius,ANIMALIA,ARTHROPODA,INSECTA,COLEOPTERA,ELATERIDAE,Elater,asmodaius,,,,,"Wurst, 1994",
47265114,Podeonius subcyaneus,ANIMALIA,ARTHROPODA,INSECTA,COLEOPTERA,ELATERIDAE,Podeonius,subcyaneus,,,,,"(Kiesenwetter, 1858)",
17182027,Poecilimon ikariensis,ANIMALIA,ARTHROPODA,INSECTA,ORTHOPTERA,TETTIGONIIDAE,Poecilimon,ikariensis,,,,,"Willemse, 1982",
17181950,Poecilimon deplanatus,ANIMALIA,ARTHROPODA,INSECTA,ORTHOPTERA,TETTIGONIIDAE,Poecilimon,deplanatus,,,,,"Brunner von Wattenwyl, 1891",
17182043,Poecilimon klausgerhardi,ANIMALIA,ARTHROPODA,INSECTA,ORTHOPTERA,TETTIGONIIDAE,Poecilimon,klausgerhardi,,,,,"Fontana, 2004",
47981998,Sphecodes creticus,ANIMALIA,ARTHROPODA,INSECTA,HYMENOPTERA,HALICTIDAE,Sphecodes,creticus,,,,,"Warncke, 1992",It was previously described as a subspecies of&#160;<em>S. marginatus&#160;</em>but it is thought to be a separate species (Bogusch and Straka in prep.).
47943578,Agoliinus pittinoi,ANIMALIA,ARTHROPODA,INSECTA,COLEOPTERA,SCARABAEIDAE,Agoliinus,pittinoi,,,,,"(Carpaneto, 1986)","The current edition of the Catalogue of Palaearctic Coleoptera Volume III (Löbl and Smetana 2006) considers all the genus-group names of Aphodiinae (Dellacasa and Dellacasa 2006) at subgenus rank. In the next edition of the Catalogue in prep., all the subgenera will be raised to genus rank (M. Dellacasa and S. Ziani pers. comm. 2014)."
47944402,Nobius rhodiensis,ANIMALIA,ARTHROPODA,INSECTA,COLEOPTERA,SCARABAEIDAE,Nobius,rhodiensis,,,,,"(Baraud, 1976)","The current edition of the Catalogue of Palaearctic Coleoptera Volume III (Löbl and Smetana 2006) considers all the genus-group names of Aphodiinae (Dellacasa and Dellacasa 2006) at subgenus rank. In the next edition of the Catalogue in prep., all the subgenera will be raised to genus rank (M. Dellacasa and S. Ziani pers. comm. 2014)."
47945259,Paracoptochirus kozanensis,ANIMALIA,ARTHROPODA,INSECTA,COLEOPTERA,SCARABAEIDAE,Paracoptochirus,kozanensis,,,,,"Pittino, 2001","The first edition of the Catalogue of Palaearctic Coleptera Volume III (Löbl and Smetana 2006) considers all the genus-group names of Aphodiinae at subgenus rank. In the next edition of the Catalogue to be published in 2015, all the subgenera will be upgraded to genus rank (M. Dellacasa and S. Ziani pers. comm. 2014)."
47945322,Paracoptochirus vignai,ANIMALIA,ARTHROPODA,INSECTA,COLEOPTERA,SCARABAEIDAE,Paracoptochirus,vignai,,,,,"Carpaneto &amp; Piattella, 1990","The first edition of the Catalogue of Palaearctic Coleptera Volume III (Löbl and Smetana 2006) considers all the genus-group names of Aphodiinae at subgenus rank. In the next edition of the Catalogue to be published in 2015, all the subgenera will be upgraded to genus rank (M. Dellacasa and S. Ziani pers. comm. 2014)."
19199706,Megachile cressa,ANIMALIA,ARTHROPODA,INSECTA,HYMENOPTERA,MEGACHILIDAE,Megachile,cressa,,,,,"(Tkalců, 1988)",The taxonomic status of this species is unclear as the species is only known from the type specimens (C. Praz pers. comm. 2014).
19198908,Megachile semicircularis,ANIMALIA,ARTHROPODA,INSECTA,HYMENOPTERA,MEGACHILIDAE,Megachile,semicircularis,,,,,"van der Zanden, 1996",
173274,Kretania psylorita,ANIMALIA,ARTHROPODA,INSECTA,LEPIDOPTERA,LYCAENIDAE,Kretania,psylorita,,,,,"(Freyer, 1845)",
173287,Hipparchia cretica,ANIMALIA,ARTHROPODA,INSECTA,LEPIDOPTERA,NYMPHALIDAE,Hipparchia,cretica,,,,,"(Rebel, 1916)",
173214,Coenonympha thyrsis,ANIMALIA,ARTHROPODA,INSECTA,LEPIDOPTERA,NYMPHALIDAE,Coenonympha,thyrsis,,,,,"(Freyer, 1845)",
173305,Hipparchia christenseni,ANIMALIA,ARTHROPODA,INSECTA,LEPIDOPTERA,NYMPHALIDAE,Hipparchia,christenseni,,,,,"Kudrna, 1977",
173252,Maniola chia,ANIMALIA,ARTHROPODA,INSECTA,LEPIDOPTERA,NYMPHALIDAE,Maniola,chia,,,,,"Thomson, 1987",
173225,Pseudochazara graeca,ANIMALIA,ARTHROPODA,INSECTA,LEPIDOPTERA,NYMPHALIDAE,Pseudochazara,graeca,,,,,"(Staudinger, 1870)",
173219,Zerynthia cretica,ANIMALIA,ARTHROPODA,INSECTA,LEPIDOPTERA,PAPILIONIDAE,Zerynthia,cretica,,,,,"(Rebel, 1904)",Should be Allancastria (see Bollini and Racheli 2012).
19198691,Megachile rhodosiaca,ANIMALIA,ARTHROPODA,INSECTA,HYMENOPTERA,MEGACHILIDAE,Megachile,rhodosiaca,,,,,"Rebmann, 1972",The taxonomic status of this species is unclear as the species is only known from the type specimen (C. Praz pers. comm. 2014).
69637992,Chorthippus ferdinandi,ANIMALIA,ARTHROPODA,INSECTA,ORTHOPTERA,ACRIDIDAE,Chorthippus,ferdinandi,,,,,"Vedenina &amp; Helversen, 2009",
69668544,Ovaliptila kinzelbachi,ANIMALIA,ARTHROPODA,INSECTA,ORTHOPTERA,GRYLLIDAE,Ovaliptila,kinzelbachi,,,,,"(Harz, 1971)",
69668585,Ovaliptila krueperi,ANIMALIA,ARTHROPODA,INSECTA,ORTHOPTERA,GRYLLIDAE,Ovaliptila,krueperi,,,,,"(Pantel, 1890)",
69668679,Ovaliptila lindbergi,ANIMALIA,ARTHROPODA,INSECTA,ORTHOPTERA,GRYLLIDAE,Ovaliptila,lindbergi,,,,,"(Chopard, 1957)",
69668788,Ovaliptila nana,ANIMALIA,ARTHROPODA,INSECTA,ORTHOPTERA,GRYLLIDAE,Ovaliptila,nana,,,,,"(Baccetti, 1992)",
69668847,Ovaliptila newmanae,ANIMALIA,ARTHROPODA,INSECTA,ORTHOPTERA,GRYLLIDAE,Ovaliptila,newmanae,,,,,"(Harz, 1969)",
69669391,Ovaliptila wettsteini,ANIMALIA,ARTHROPODA,INSECTA,ORTHOPTERA,GRYLLIDAE,Ovaliptila,wettsteini,,,,,"(Werner, 1934)",
44698100,Rhacocleis silvestrii,ANIMALIA,ARTHROPODA,INSECTA,ORTHOPTERA,TETTIGONIIDAE,Rhacocleis,silvestrii,,,,,"Ramme, 1939","Ramme (1939) described this species as <em>Rhacocleis silvestrii</em>, named after Prof. F. Silvestri-Portici, but it is often cited as <em>Rhacocleis sylvestrii.</em>"
69681526,Gryllomorpha cretensis,ANIMALIA,ARTHROPODA,INSECTA,ORTHOPTERA,GRYLLIDAE,Gryllomorpha,cretensis,,,,,"Ramme, 1927","The taxonomic status of this species is a matter of debate (Gorochov 2009, 2012). It may be a subspecies of <em>Gryllomorpha dalmatina</em> but this issue has not been definitely settled yet. The taxon was described as&#160;<em>Gryllomorpha cretensis</em> by Ramme (1927), however Eades <em>et al.&#160;</em>(2014) place the taxon as a subspecies of&#160;<em>Gryllomorpha dalmatina</em> Ramme, 1927. Gorochov and Ünal (2012) mentions <em>G. cretensis</em> in the context of <em>G. dalmatina</em> (p.54-55) but the text there states:&#160;<em>""The first taxon </em>[i.e. Gryllomorpha cretensis]<em> is insufficiently studied, and its belonging to </em>G. dalmatina <em>is not evident; however, a single female from Crete I., recently studied by us, is similar to Ramme’s description and distinguished from the above-mentioned Turkish specimens as well as from the other Greek and Montenegro specimens by the smaller body size and transversally banded (not spotted) colouration of abdominal dorsum; this is probably a separate subspecies.""&#160;</em>In addition, the paper itself does not make the new combination. Although future studies may indeed prove this to be a subspecies of <em>G. dalmatina,</em> at present we retain <em>G. cretensis</em>&#160;as a species (L. Willemse pers. comm. 2015)."
14870997,Chorthippus lacustris,ANIMALIA,ARTHROPODA,INSECTA,ORTHOPTERA,ACRIDIDAE,Chorthippus,lacustris,,,,,"La Greca &amp; Messina, 1975",
16084579,Chorthippus biroi,ANIMALIA,ARTHROPODA,INSECTA,ORTHOPTERA,ACRIDIDAE,Chorthippus,biroi,,,,,"(Kuthy, 1907)",
16084612,Chorthippus moreanus,ANIMALIA,ARTHROPODA,INSECTA,ORTHOPTERA,ACRIDIDAE,Chorthippus,moreanus,,,,,"Willemse, Helversen &amp; Odé, 2009",
16084456,Chorthippus parnon,ANIMALIA,ARTHROPODA,INSECTA,ORTHOPTERA,ACRIDIDAE,Chorthippus,parnon,,,,,"Willemse, Helversen &amp; Odé, 2009",
16084479,Chorthippus pulloides,ANIMALIA,ARTHROPODA,INSECTA,ORTHOPTERA,ACRIDIDAE,Chorthippus,pulloides,,,,,"(Ramme, 1926)",
16084530,Chorthippus sangiorgii,ANIMALIA,ARTHROPODA,INSECTA,ORTHOPTERA,ACRIDIDAE,Chorthippus,sangiorgii,,,,,"(Finot, 1902)",
16084625,Oedipoda venusta,ANIMALIA,ARTHROPODA,INSECTA,ORTHOPTERA,ACRIDIDAE,Oedipoda,venusta,,,,,"Fieber, 1853",
16084417,Oropodisma kyllinii,ANIMALIA,ARTHROPODA,INSECTA,ORTHOPTERA,ACRIDIDAE,Oropodisma,kyllinii,,,,,"Willemse, 1971",
16084623,Oropodisma lagrecai,ANIMALIA,ARTHROPODA,INSECTA,ORTHOPTERA,ACRIDIDAE,Oropodisma,lagrecai,,,,,"Willemse, 1979",
16084516,Oropodisma parnassica,ANIMALIA,ARTHROPODA,INSECTA,ORTHOPTERA,ACRIDIDAE,Oropodisma,parnassica,,,,,"(Scudder, 1897)",
16084561,Oropodisma taygetosi,ANIMALIA,ARTHROPODA,INSECTA,ORTHOPTERA,ACRIDIDAE,Oropodisma,taygetosi,,,,,"Willemse, 1972",
16084584,Oropodisma tymphrestosi,ANIMALIA,ARTHROPODA,INSECTA,ORTHOPTERA,ACRIDIDAE,Oropodisma,tymphrestosi,,,,,"Willemse, 1972",
16084574,Pezotettix lagoi,ANIMALIA,ARTHROPODA,INSECTA,ORTHOPTERA,ACRIDIDAE,Pezotettix,lagoi,,,,,"Jannone, 1936",
16084408,Xerohippus solerii,ANIMALIA,ARTHROPODA,INSECTA,ORTHOPTERA,ACRIDIDAE,Xerohippus,solerii,,,,,"(Jannone, 1936)",
68380920,Gryllotalpa krimbasi,ANIMALIA,ARTHROPODA,INSECTA,ORTHOPTERA,GRYLLOTALPIDAE,Gryllotalpa,krimbasi,,,,,"Baccetti, 1992","This species was described from the eastern Aegean island of Kos (Baccetti 1992). Baccetti described this species on the basis of the studies of Krimbas (1956a, 1956b, 1960), who found two <em>Gryllotalpa</em> species with different chromosome numbers in Greece. <em>G. krimbasi</em> has 19 chromosomes and Baccetti considered his specimen as typical for this form which was found by Krimbas in many places of the Greek mainland (see map 109a in Willemse 1984). Ingrisch <em>et al.</em> (2006) present further morphological details of <em>krimbasi</em> after material from Fthiotis, Central Greece, with a chromosome number of about 19"
68439867,Mogoplistes kinzelbachi,ANIMALIA,ARTHROPODA,INSECTA,ORTHOPTERA,MOGOPLISTIDAE,Mogoplistes,kinzelbachi,,,,,"Harz, 1976",
44698010,Glyphanus obtusus,ANIMALIA,ARTHROPODA,INSECTA,ORTHOPTERA,PAMPHAGIDAE,Glyphanus,obtusus,,,,,"Fieber, 1853",
68444850,Orchamus raulinii,ANIMALIA,ARTHROPODA,INSECTA,ORTHOPTERA,PAMPHAGIDAE,Orchamus,raulinii,,,,,"(Lucas, 1854)",
64337698,Acrometopa cretensis,ANIMALIA,ARTHROPODA,INSECTA,ORTHOPTERA,TETTIGONIIDAE,Acrometopa,cretensis,,,,,"Ramme, 1927",<em>Acrometopa cretensis</em> is a species with two subspecies: <em>A. cretensis cretensis</em> and <em>A. cretensis daedali</em>; see also the Orthoptera Species File (orthoptera.speciesfile.org/). This assessment is based on (distribution) data of the species.
17181617,Isophya lemnotica,ANIMALIA,ARTHROPODA,INSECTA,ORTHOPTERA,TETTIGONIIDAE,Isophya,lemnotica,,,,,"Werner, 1932",
17181748,Leptophyes lisae,ANIMALIA,ARTHROPODA,INSECTA,ORTHOPTERA,TETTIGONIIDAE,Leptophyes,lisae,,,,,"Heller, 1988",
17181859,Metaplastes oertzeni,ANIMALIA,ARTHROPODA,INSECTA,ORTHOPTERA,TETTIGONIIDAE,Metaplastes,oertzeni,,,,,"(Brunner von Wattenwyl, 1891)",
17181896,Poecilimon aegaeus,ANIMALIA,ARTHROPODA,INSECTA,ORTHOPTERA,TETTIGONIIDAE,Poecilimon,aegaeus,,,,,"Werner, 1932",
17181947,Poecilimon cretensis,ANIMALIA,ARTHROPODA,INSECTA,ORTHOPTERA,TETTIGONIIDAE,Poecilimon,cretensis,,,,,"Werner, 1903",
17181974,Poecilimon gerlindae,ANIMALIA,ARTHROPODA,INSECTA,ORTHOPTERA,TETTIGONIIDAE,Poecilimon,gerlindae,,,,,"Lehmann, Willemse &amp; Heller, 2006",
68458212,Poecilimon mariannae,ANIMALIA,ARTHROPODA,INSECTA,ORTHOPTERA,TETTIGONIIDAE,Poecilimon,mariannae,,,,,"Heller, 1988",
45466621,Poecilimon nobilis,ANIMALIA,ARTHROPODA,INSECTA,ORTHOPTERA,TETTIGONIIDAE,Poecilimon,nobilis,,,,,"Brunner von Wattenwyl, 1878",
45466644,Poecilimon obesus,ANIMALIA,ARTHROPODA,INSECTA,ORTHOPTERA,TETTIGONIIDAE,Poecilimon,obesus,,,,,"Brunner von Wattenwyl, 1878",
45466779,Poecilimon paros,ANIMALIA,ARTHROPODA,INSECTA,ORTHOPTERA,TETTIGONIIDAE,Poecilimon,paros,,,,,"Heller &amp; Reinhold, 1992",
68458962,Poecilimon propinquus,ANIMALIA,ARTHROPODA,INSECTA,ORTHOPTERA,TETTIGONIIDAE,Poecilimon,propinquus,,,,,"Brunner von Wattenwyl, 1878",
45466695,Poecilimon soulion,ANIMALIA,ARTHROPODA,INSECTA,ORTHOPTERA,TETTIGONIIDAE,Poecilimon,soulion,,,,,"Willemse, 1987",
68459242,Poecilimon thessalicus,ANIMALIA,ARTHROPODA,INSECTA,ORTHOPTERA,TETTIGONIIDAE,Poecilimon,thessalicus,,,,,"Brunner von Wattenwyl, 1891",
68459544,Poecilimon veluchianus,ANIMALIA,ARTHROPODA,INSECTA,ORTHOPTERA,TETTIGONIIDAE,Poecilimon,veluchianus,,,,,"Ramme, 1933",
68459582,Poecilimon werneri,ANIMALIA,ARTHROPODA,INSECTA,ORTHOPTERA,TETTIGONIIDAE,Poecilimon,werneri,,,,,"Ramme, 1933",
68459596,Poecilimon zimmeri,ANIMALIA,ARTHROPODA,INSECTA,ORTHOPTERA,TETTIGONIIDAE,Poecilimon,zimmeri,,,,,"Ramme, 1933",
68313516,Dolichopoda annae,ANIMALIA,ARTHROPODA,INSECTA,ORTHOPTERA,RHAPHIDOPHORIDAE,Dolichopoda,annae,,,,,"Boudou-Saltet, 1973",
17046304,Dolichopoda dalensi,ANIMALIA,ARTHROPODA,INSECTA,ORTHOPTERA,RHAPHIDOPHORIDAE,Dolichopoda,dalensi,,,,,"Boudou-Saltet, 1972",
17046311,Dolichopoda giachinoi,ANIMALIA,ARTHROPODA,INSECTA,ORTHOPTERA,RHAPHIDOPHORIDAE,Dolichopoda,giachinoi,,,,,"Rampini &amp; di Russo, 2008",
68314157,Dolichopoda graeca,ANIMALIA,ARTHROPODA,INSECTA,ORTHOPTERA,RHAPHIDOPHORIDAE,Dolichopoda,graeca,,,,,"Chopard, 1964",
68314228,Dolichopoda insignis,ANIMALIA,ARTHROPODA,INSECTA,ORTHOPTERA,RHAPHIDOPHORIDAE,Dolichopoda,insignis,,,,,"Chopard, 1955",
17046317,Dolichopoda ithakii,ANIMALIA,ARTHROPODA,INSECTA,ORTHOPTERA,RHAPHIDOPHORIDAE,Dolichopoda,ithakii,,,,,"Rampini &amp; di Russo, 2008",
17046320,Dolichopoda kiriakii,ANIMALIA,ARTHROPODA,INSECTA,ORTHOPTERA,RHAPHIDOPHORIDAE,Dolichopoda,kiriakii,,,,,"Rampini and Di Russo, 2008",
17046297,Dolichopoda lustriae,ANIMALIA,ARTHROPODA,INSECTA,ORTHOPTERA,RHAPHIDOPHORIDAE,Dolichopoda,lustriae,,,,,"Rampini &amp; di Russo, 2008",
68314432,Dolichopoda makrykapa,ANIMALIA,ARTHROPODA,INSECTA,ORTHOPTERA,RHAPHIDOPHORIDAE,Dolichopoda,makrykapa,,,,,"Boudou-Saltet, 1980",
68314461,Dolichopoda matsakisi,ANIMALIA,ARTHROPODA,INSECTA,ORTHOPTERA,RHAPHIDOPHORIDAE,Dolichopoda,matsakisi,,,,,"Boudou-Saltet, 1972",
68314517,Dolichopoda naxia,ANIMALIA,ARTHROPODA,INSECTA,ORTHOPTERA,RHAPHIDOPHORIDAE,Dolichopoda,naxia,,,,,"Boudou-Saltet, 1973",
70613694,Dolichopoda giulianae,ANIMALIA,ARTHROPODA,INSECTA,ORTHOPTERA,RHAPHIDOPHORIDAE,Dolichopoda,giulianae,,,,,"Rampini &amp; Di Russo, 2012",
70613898,Troglophilus zoiai,ANIMALIA,ARTHROPODA,INSECTA,ORTHOPTERA,RHAPHIDOPHORIDAE,Troglophilus,zoiai,,,,,"Di Russo, Rampini &amp; Cobolli, 2014",
17046324,Dolichopoda patrizii,ANIMALIA,ARTHROPODA,INSECTA,ORTHOPTERA,RHAPHIDOPHORIDAE,Dolichopoda,patrizii,,,,,"Chopard, 1964",
17046327,Dolichopoda pavesii,ANIMALIA,ARTHROPODA,INSECTA,ORTHOPTERA,RHAPHIDOPHORIDAE,Dolichopoda,pavesii,,,,,"Galvagni, 2002",
68314680,Dolichopoda petrochilosi,ANIMALIA,ARTHROPODA,INSECTA,ORTHOPTERA,RHAPHIDOPHORIDAE,Dolichopoda,petrochilosi,,,,,"Chopard, 1954",
68315084,Dolichopoda unicolor,ANIMALIA,ARTHROPODA,INSECTA,ORTHOPTERA,RHAPHIDOPHORIDAE,Dolichopoda,unicolor,,,,,"Chopard, 1964",
68315135,Dolichopoda vandeli,ANIMALIA,ARTHROPODA,INSECTA,ORTHOPTERA,RHAPHIDOPHORIDAE,Dolichopoda,vandeli,,,,,"Boudou-Saltet, 1970",
68485526,Troglophilus lagoi,ANIMALIA,ARTHROPODA,INSECTA,ORTHOPTERA,RHAPHIDOPHORIDAE,Troglophilus,lagoi,,,,,"Mennozi, 1934",
68485565,Troglophilus marinae,ANIMALIA,ARTHROPODA,INSECTA,ORTHOPTERA,RHAPHIDOPHORIDAE,Troglophilus,marinae,,,,,"Rampini &amp; Di Russo, 2003",
64529440,Anadrymadusa brevipennis,ANIMALIA,ARTHROPODA,INSECTA,ORTHOPTERA,TETTIGONIIDAE,Anadrymadusa,brevipennis,,,,,"(Brunner von Wattenwyl, 1882)",
44710646,Bradyporus oniscus,ANIMALIA,ARTHROPODA,INSECTA,ORTHOPTERA,TETTIGONIIDAE,Bradyporus,oniscus,,,,,"(Burmeister, 1838)",
44711866,Eupholidoptera pallipes,ANIMALIA,ARTHROPODA,INSECTA,ORTHOPTERA,TETTIGONIIDAE,Eupholidoptera,pallipes,,,,,"Willemse &amp; Kruseman, 1976",
68450071,Parnassiana chelmos,ANIMALIA,ARTHROPODA,INSECTA,ORTHOPTERA,TETTIGONIIDAE,Parnassiana,chelmos,,,,,"(Zeuner, 1941)",
68450152,Parnassiana coracis,ANIMALIA,ARTHROPODA,INSECTA,ORTHOPTERA,TETTIGONIIDAE,Parnassiana,coracis,,,,,"(Ramme, 1921)","Zeuner (1941) described <em>Parnassiana tymphrestos </em>from Mt.Timfristos (= Mt. Veluchi, compare Ramme, 1931). Ramme (1951) discussed the possible synonymy of <em>P. tymphrestos</em> and <em>P. coracis</em> but, not being aware that Mt. Korax is close to Mt. Timfristos, and by lack of material of <em>P. tymphrestos</em>, did not solve it, and the matter remains unsolved. For the time being, the material from Mt. Vardhousia recorded under <em>P. tymphrestos</em> in F. Willemse (1980 &amp; 1984) should be transferred to <em>Platycleis (Parnassiana) coracis</em> Ramme, 1920. Likewise a re-evaluation of the population of Mt. Oiti, also arranged under <em>P. tymphrestos</em> in F. Willemse (1973 &amp; 1980) appears necessary."
68450165,Parnassiana dirphys,ANIMALIA,ARTHROPODA,INSECTA,ORTHOPTERA,TETTIGONIIDAE,Parnassiana,dirphys,,,,,"(Willemse, 1980)",
68450223,Parnassiana fusca,ANIMALIA,ARTHROPODA,INSECTA,ORTHOPTERA,TETTIGONIIDAE,Parnassiana,fusca,,,,,"(Brunner von Wattenwyl, 1882)",
68450237,Parnassiana gionica,ANIMALIA,ARTHROPODA,INSECTA,ORTHOPTERA,TETTIGONIIDAE,Parnassiana,gionica,,,,,"La Greca &amp; Messina, 1976",
68450241,Parnassiana menalon,ANIMALIA,ARTHROPODA,INSECTA,ORTHOPTERA,TETTIGONIIDAE,Parnassiana,menalon,,,,,"Willemse, 1975",
68450251,Parnassiana nigromarginata,ANIMALIA,ARTHROPODA,INSECTA,ORTHOPTERA,TETTIGONIIDAE,Parnassiana,nigromarginata,,,,,"(Willemse &amp; Willemse, 1987)",
68450271,Parnassiana panaetolikon,ANIMALIA,ARTHROPODA,INSECTA,ORTHOPTERA,TETTIGONIIDAE,Parnassiana,panaetolikon,,,,,"Willemse, 1980",
68450303,Parnassiana parnassica,ANIMALIA,ARTHROPODA,INSECTA,ORTHOPTERA,TETTIGONIIDAE,Parnassiana,parnassica,,,,,"(Ramme, 1926)",
68450311,Parnassiana parnon,ANIMALIA,ARTHROPODA,INSECTA,ORTHOPTERA,TETTIGONIIDAE,Parnassiana,parnon,,,,,"Willemse, 1980",
68450318,Parnassiana tenuis,ANIMALIA,ARTHROPODA,INSECTA,ORTHOPTERA,TETTIGONIIDAE,Parnassiana,tenuis,,,,,"(Heller &amp; Willemse, 1989)",
68450364,Parnassiana tymphiensis,ANIMALIA,ARTHROPODA,INSECTA,ORTHOPTERA,TETTIGONIIDAE,Parnassiana,tymphiensis,,,,,"(Willemse, 1973)",
68450372,Parnassiana tymphrestos,ANIMALIA,ARTHROPODA,INSECTA,ORTHOPTERA,TETTIGONIIDAE,Parnassiana,tymphrestos,,,,,"Zeuner, 1941",
68451909,Pholidoptera lucasi,ANIMALIA,ARTHROPODA,INSECTA,ORTHOPTERA,TETTIGONIIDAE,Pholidoptera,lucasi,,,,,"Willemse, 1976",
44698034,Rhacocleis agiostratica,ANIMALIA,ARTHROPODA,INSECTA,ORTHOPTERA,TETTIGONIIDAE,Rhacocleis,agiostratica,,,,,"Werner, 1937",The identity of <em>Rhacocleis agiostratica</em> is not beyond doubt as the description has been based on juvenile specimens. Adult material is required to compare it with other <em>Rhacocleis</em> species in particular <em>Rhacocleis distinguenda</em>.
44698051,Rhacocleis crypta,ANIMALIA,ARTHROPODA,INSECTA,ORTHOPTERA,TETTIGONIIDAE,Rhacocleis,crypta,,,,,"Willemse &amp; Willemse, 2005",
44698053,Rhacocleis derrai,ANIMALIA,ARTHROPODA,INSECTA,ORTHOPTERA,TETTIGONIIDAE,Rhacocleis,derrai,,,,,"Harz, 1983",
44698055,Rhacocleis distinguenda,ANIMALIA,ARTHROPODA,INSECTA,ORTHOPTERA,TETTIGONIIDAE,Rhacocleis,distinguenda,,,,,"Werner, 1934",
44698057,Rhacocleis edentata,ANIMALIA,ARTHROPODA,INSECTA,ORTHOPTERA,TETTIGONIIDAE,Rhacocleis,edentata,,,,,"Willemse, 1982",
44698059,Rhacocleis ferdinandi,ANIMALIA,ARTHROPODA,INSECTA,ORTHOPTERA,TETTIGONIIDAE,Rhacocleis,ferdinandi,,,,,"Willemse &amp; Tilmans, 1987",
44698070,Rhacocleis graeca,ANIMALIA,ARTHROPODA,INSECTA,ORTHOPTERA,TETTIGONIIDAE,Rhacocleis,graeca,,,,,"Uvarov, 1942",
44698072,Rhacocleis insularis,ANIMALIA,ARTHROPODA,INSECTA,ORTHOPTERA,TETTIGONIIDAE,Rhacocleis,insularis,,,,,"Ramme, 1928",
44698076,Rhacocleis lithoscirtetes,ANIMALIA,ARTHROPODA,INSECTA,ORTHOPTERA,TETTIGONIIDAE,Rhacocleis,lithoscirtetes,,,,,"Willemse &amp; Willemse, 2005",
44698104,Rhacocleis trilobata,ANIMALIA,ARTHROPODA,INSECTA,ORTHOPTERA,TETTIGONIIDAE,Rhacocleis,trilobata,,,,,"La Greca &amp; Messina, 1974",
44698115,Rhacocleis uvarovi,ANIMALIA,ARTHROPODA,INSECTA,ORTHOPTERA,TETTIGONIIDAE,Rhacocleis,uvarovi,,,,,"Ramme, 1936",
44698141,Rhacocleis werneri,ANIMALIA,ARTHROPODA,INSECTA,ORTHOPTERA,TETTIGONIIDAE,Rhacocleis,werneri,,,,,"Willemse, 1982",
70613415,Dolichopoda calidnae,ANIMALIA,ARTHROPODA,INSECTA,ORTHOPTERA,RHAPHIDOPHORIDAE,Dolichopoda,calidnae,,,,,"Rampini &amp; Di Russo, 2012",
68468653,Saga hellenica,ANIMALIA,ARTHROPODA,INSECTA,ORTHOPTERA,TETTIGONIIDAE,Saga,hellenica,,,,,"Kaltenbach, 1967",
68455994,Poecilimon laevissimus,ANIMALIA,ARTHROPODA,INSECTA,ORTHOPTERA,TETTIGONIIDAE,Poecilimon,laevissimus,,,,,"(Fischer, 1853)",
86802697,Alosterna pauli,ANIMALIA,ARTHROPODA,INSECTA,COLEOPTERA,CERAMBYCIDAE,Alosterna,pauli,,,,,"Pesarini, Rapuzzi &amp; Sabbadini, 2004","<em>Alosterna pauli </em>Pesarini, Rapuzzi &amp; Sabbadini, 2004 was described in the group of species related to <em>A. anatolica</em> Adlbauer, 1992 and <em>A. tabacicolor </em>(De Geer, 1775) (<span style=""background-color: white;"">Adlbauer 1992, Pesarini and Sabbadini 2004). It differs </span>from them on the basis of strong elements while the description paper gives precise drawings. Some mistakes remain in the documentation, like in Fauna Europaea where the description date is 2003 (De Jong <em>et al</em>. 2014) or wrong bibliographic reference for the description (Tavakilian and Chevillotte 2012).<br/><span style=""background-color: green;""></span>"
86807153,Paracorymbia picticornis,ANIMALIA,ARTHROPODA,INSECTA,COLEOPTERA,CERAMBYCIDAE,Paracorymbia,picticornis,,,,,"(Reitter, 1885)",
86807269,Pedostrangalia ariadne,ANIMALIA,ARTHROPODA,INSECTA,COLEOPTERA,CERAMBYCIDAE,Pedostrangalia,ariadne,,,,,"Daniel, 1904",
86863400,Hymenalia elongata,ANIMALIA,ARTHROPODA,INSECTA,COLEOPTERA,TENEBRIONIDAE,Hymenalia,elongata,,,,,"Pic, 1925",
86883960,Mycetochara flavicornis,ANIMALIA,ARTHROPODA,INSECTA,COLEOPTERA,TENEBRIONIDAE,Mycetochara,flavicornis,,,,,"(Miller, 1883)",
86884024,Mycetochara jonica,ANIMALIA,ARTHROPODA,INSECTA,COLEOPTERA,TENEBRIONIDAE,Mycetochara,jonica,,,,,"(Obenberger, 1916)",
86884117,Mycetochara myrmecophila,ANIMALIA,ARTHROPODA,INSECTA,COLEOPTERA,TENEBRIONIDAE,Mycetochara,myrmecophila,,,,,"(Obenberger, 1916)",
87329419,Mycetochara cretica,ANIMALIA,ARTHROPODA,INSECTA,COLEOPTERA,TENEBRIONIDAE,Mycetochara,cretica,,,,,"Mařan, 1954",
87999248,Prionotropis willemsorum,ANIMALIA,ARTHROPODA,INSECTA,ORTHOPTERA,PAMPHAGIDAE,Prionotropis,willemsorum,,,,,"Massa &amp; Ünal, 2015",
88046398,Stictoleptura slamai,ANIMALIA,ARTHROPODA,INSECTA,COLEOPTERA,CERAMBYCIDAE,Stictoleptura,slamai,,,,,"Sama, 2010","In 1985, Sláma described <em>Brachyleptura martini </em>from Crete. However, the name was preoccupied by <em>Leptura semirufula</em> var. <em>martini </em>(Pic, 1945) described from Madrid, and thereafter synonym of <em>Stictoleptura</em> <em>trisignata </em>(Fairmaire, 1852). So, when<em> Brachyleptura </em>was included in the new genus <em>Stictoleptura</em>, the species of Sláma was changed to&#160;<em>S. slamai </em>Sama, 2010."
90853972,Dolichopoda ochtoniai,ANIMALIA,ARTHROPODA,INSECTA,ORTHOPTERA,RHAPHIDOPHORIDAE,Dolichopoda,ochtoniai,,,,,"Rampini &amp; Di Russo, 2015","Placed within the subgenus&#160;<em>Petrochilosina</em>. The species name was erroneously spelled '<em>octhoniai</em>' in the title, abstract and discussion of the describing paper (Alexiou <em>et al.</em> 2015)."
90854150,Dolichopoda saraolacosi,ANIMALIA,ARTHROPODA,INSECTA,ORTHOPTERA,RHAPHIDOPHORIDAE,Dolichopoda,saraolacosi,,,,,"Rampini &amp; Di Russo, 2015",
90934784,Ceratophyus schaffrathi,ANIMALIA,ARTHROPODA,INSECTA,COLEOPTERA,GEOTRUPIDAE,Ceratophyus,schaffrathi,,,,,"Hillert &amp; Král, 2013",
91394977,Stictoleptura ivoroberti,ANIMALIA,ARTHROPODA,INSECTA,COLEOPTERA,CERAMBYCIDAE,Stictoleptura,ivoroberti,,,,,"Sama, 2010",
91470563,Coxelus alinae,ANIMALIA,ARTHROPODA,INSECTA,COLEOPTERA,ZOPHERIDAE,Coxelus,alinae,,,,,"Dajoz, 1973",
91473473,Diplagia hellenica,ANIMALIA,ARTHROPODA,INSECTA,COLEOPTERA,ZOPHERIDAE,Diplagia,hellenica,,,,,"Reitter, 1882",
99773552,Rhacocleis andikithirensis,ANIMALIA,ARTHROPODA,INSECTA,ORTHOPTERA,TETTIGONIIDAE,Rhacocleis,andikithirensis,,,,,"Tilmans, Odé &amp; Willemse, 2016",
16084613,Chorthippus crassiceps,ANIMALIA,ARTHROPODA,INSECTA,ORTHOPTERA,ACRIDIDAE,Chorthippus,crassiceps,,,,,"Ramme, 1926",
68313777,Dolichopoda cassagnaui,ANIMALIA,ARTHROPODA,INSECTA,ORTHOPTERA,RHAPHIDOPHORIDAE,Dolichopoda,cassagnaui,,,,,"Boudou-Saltet, 1971",
70613726,Dolichopoda kalithea,ANIMALIA,ARTHROPODA,INSECTA,ORTHOPTERA,RHAPHIDOPHORIDAE,Dolichopoda,kalithea,,,,,"Di Russo &amp; Rampini, 2012",
68314552,Dolichopoda paraskevi,ANIMALIA,ARTHROPODA,INSECTA,ORTHOPTERA,RHAPHIDOPHORIDAE,Dolichopoda,paraskevi,,,,,"Boudou-Saltet, 1973",
68314902,Dolichopoda steriotisi,ANIMALIA,ARTHROPODA,INSECTA,ORTHOPTERA,RHAPHIDOPHORIDAE,Dolichopoda,steriotisi,,,,,"Boudou-Saltet, 1973",
68314976,Dolichopoda thasosensis,ANIMALIA,ARTHROPODA,INSECTA,ORTHOPTERA,RHAPHIDOPHORIDAE,Dolichopoda,thasosensis,,,,,"Chopard, 1964",
45463437,Eupholidoptera cretica,ANIMALIA,ARTHROPODA,INSECTA,ORTHOPTERA,TETTIGONIIDAE,Eupholidoptera,cretica,,,,,"Ramme, 1951",
17046307,Dolichopoda gasparoi,ANIMALIA,ARTHROPODA,INSECTA,ORTHOPTERA,RHAPHIDOPHORIDAE,Dolichopoda,gasparoi,,,,,"Rampini &amp; di Russo, 2008",
17181907,Poecilimon athos,ANIMALIA,ARTHROPODA,INSECTA,ORTHOPTERA,TETTIGONIIDAE,Poecilimon,athos,,,,,"Tilmans, Willemse &amp; Willemse, 1989",
17181953,Poecilimon erimanthos,ANIMALIA,ARTHROPODA,INSECTA,ORTHOPTERA,TETTIGONIIDAE,Poecilimon,erimanthos,,,,,"Willemse &amp; Heller, 1992",
68485583,Troglophilus spinulosus,ANIMALIA,ARTHROPODA,INSECTA,ORTHOPTERA,RHAPHIDOPHORIDAE,Troglophilus,spinulosus,,,,,"Chopard, 1921",
60307,Boyeria cretensis,ANIMALIA,ARTHROPODA,INSECTA,ODONATA,AESHNIDAE,Boyeria,cretensis,,,,,"Peters, 1991","Formerly, <em>Boyeria cretensis</em> was confused with—and regarded as a subpopulation of—<em>Boyeria irene</em> (Fonscolombe, 1838), but both species are clearly distinct (Boudot 1989, Peters 1991, Kohli <em>et al.</em>&#160;2014)."
165504,Coenagrion intermedium,ANIMALIA,ARTHROPODA,INSECTA,ODONATA,COENAGRIONIDAE,Coenagrion,intermedium,,,,,"Lohmann, 1990",
16084372,Oropodisma erymanthosi,ANIMALIA,ARTHROPODA,INSECTA,ORTHOPTERA,ACRIDIDAE,Oropodisma,erymanthosi,,,,,"Willemse, 1971",
59706,Cordulegaster helladica,ANIMALIA,ARTHROPODA,INSECTA,ODONATA,CORDULEGASTRIDAE,Cordulegaster,helladica,,,,,"Lohmann, 1993","Three subspecies have been described: <em>Cordulegaster helladica helladica</em>, <em>C. h. buchholzi</em> and <em>C. h. kastalia</em>, but the separation between them remains very difficult and even intermediate forms between those subspecies have been described."
149163465,Katara connexa,ANIMALIA,ARTHROPODA,INSECTA,DIPTERA,SYRPHIDAE,Katara,connexa,,,,,"Vujić &amp; Radenković, 2018","This newly-recognized European monotypic genus has been discovered and described recently (Vujić <em>et al.</em> 2019). The systematic position of the taxon is within the tribe Rhingiini.&#160;<em>Katara connexa </em>is shiny, black species with broad, oval abdomen, which is distinctly broader than thorax in both sexes. Eyes are separated in both sexes (Vujić <em>et al</em>. 2019)."
149164123,Cheilosia katara,ANIMALIA,ARTHROPODA,INSECTA,DIPTERA,SYRPHIDAE,Cheilosia,katara,,,,,"Claussen &amp; Vujić, 1993",<p><em>Cheilosia katara </em>belongs to nominal subgenus <em>Cheilosia</em>. An identification key distinguishing <em>C. katara</em> from other related species was provided by Vujić and Claussen (2000).<em></em></p>
149164626,Xanthogramma pilosum,ANIMALIA,ARTHROPODA,INSECTA,DIPTERA,SYRPHIDAE,Xanthogramma,pilosum,,,,,"Nedeljković, Ricarte  &amp; Vujić, 2018",
149164659,Xanthogramma aeginae,ANIMALIA,ARTHROPODA,INSECTA,DIPTERA,SYRPHIDAE,Xanthogramma,aeginae,,,,,"Ricarte, Nedeljković &amp; Vujić, 2018",
149165032,Merodon peloponnesius,ANIMALIA,ARTHROPODA,INSECTA,DIPTERA,SYRPHIDAE,Merodon,peloponnesius,,,,,"Vujić, Radenković, Ačanski and Šašic, 2018",<p><br/></p>
149165099,Merodon nisi,ANIMALIA,ARTHROPODA,INSECTA,DIPTERA,SYRPHIDAE,Merodon,nisi,,,,,"Veselić, Vujić &amp; Radenković, 2017",<em><br/></em>
149165213,Merodon naxius,ANIMALIA,ARTHROPODA,INSECTA,DIPTERA,SYRPHIDAE,Merodon,naxius,,,,,"Vujić &amp; Šašić, 2018",
149165322,Merodon megavidus,ANIMALIA,ARTHROPODA,INSECTA,DIPTERA,SYRPHIDAE,Merodon,megavidus,,,,,"Vujić &amp; Radenković, 2016",<em><br/></em>
149165628,Brachyopa minima,ANIMALIA,ARTHROPODA,INSECTA,DIPTERA,SYRPHIDAE,Brachyopa,minima,,,,,"Vujić &amp; Pérez-Bañón, 2016",
149167049,Eumerus rubrum,ANIMALIA,ARTHROPODA,INSECTA,DIPTERA,SYRPHIDAE,Eumerus,rubrum,,,,,"Grković &amp; Vujić, 2017",
149167140,Eumerus minotaurus,ANIMALIA,ARTHROPODA,INSECTA,DIPTERA,SYRPHIDAE,Eumerus,minotaurus,,,,,"Claussen &amp; Lucas, 1988",
149167756,Merodon erymanthius,ANIMALIA,ARTHROPODA,INSECTA,DIPTERA,SYRPHIDAE,Merodon,erymanthius,,,,,"Vujić, Ačanski and Šašić, 2018",<p><br/></p>
149167955,Merodon andriotes,ANIMALIA,ARTHROPODA,INSECTA,DIPTERA,SYRPHIDAE,Merodon,andriotes,,,,,"Vujić, Radenković &amp; Šašic, 2018",
149168281,Merodon caerulescens,ANIMALIA,ARTHROPODA,INSECTA,DIPTERA,SYRPHIDAE,Merodon,caerulescens,,,,,"Loew, 1869",
149170436,Eumerus karyates,ANIMALIA,ARTHROPODA,INSECTA,DIPTERA,SYRPHIDAE,Eumerus,karyates,,,,,"Chroni, Grković and Vujić, 2018",
149171300,Brachyopa vernalis,ANIMALIA,ARTHROPODA,INSECTA,DIPTERA,SYRPHIDAE,Brachyopa,vernalis,,,,,"J. van Steenis and W. van Steenis, 2014",
172768413,Merodon confinium,ANIMALIA,ARTHROPODA,INSECTA,DIPTERA,SYRPHIDAE,Merodon,confinium,,,,,"Šašić &amp; Vujić, 2020",<em><br/></em>
172768520,Merodon spineus,ANIMALIA,ARTHROPODA,INSECTA,DIPTERA,SYRPHIDAE,Merodon,spineus,,,,,"Vujić, Šašić &amp; Likov, 2020",<em><br/></em>
17181745,Isophya rhodopensis ssp. leonorae,ANIMALIA,ARTHROPODA,INSECTA,ORTHOPTERA,TETTIGONIIDAE,Isophya,rhodopensis,subspecies,leonorae,,,"Kaltenbach, 1965",
17046338,Orchamus kaltenbachi,ANIMALIA,ARTHROPODA,INSECTA,ORTHOPTERA,PAMPHAGIDAE,Orchamus,kaltenbachi,,,,,"Massa, 2009",
17181904,Poecilimon artedentatus,ANIMALIA,ARTHROPODA,INSECTA,ORTHOPTERA,TETTIGONIIDAE,Poecilimon,artedentatus,,,,,"Heller, 1984",
47251891,Purpuricenus schurmanni,ANIMALIA,ARTHROPODA,INSECTA,COLEOPTERA,CERAMBYCIDAE,Purpuricenus,schurmanni,,,,,"Sláma, 1985","The species is very close to <em>P. globulicollis</em> and its status (valid species or subspecies of<em> P. globulicollis</em>) is unclear, pending molecular data (Rapuzzi and Sama 2013)."
157580,Triplax emgei,ANIMALIA,ARTHROPODA,INSECTA,COLEOPTERA,EROTYLIDAE,Triplax,emgei,,,,,"Reitter, 1885",
175944745,Merodon medium,ANIMALIA,ARTHROPODA,INSECTA,DIPTERA,SYRPHIDAE,Merodon,medium,,,,,"Vujić, Likov &amp; Radenković, 2020",<em><br/></em>
175944635,Merodon olympius,ANIMALIA,ARTHROPODA,INSECTA,DIPTERA,SYRPHIDAE,Merodon,olympius,,,,,"Vujić &amp; Radenković, 2020",<em><br/></em>
175922919,Merodon atricapillatus,ANIMALIA,ARTHROPODA,INSECTA,DIPTERA,SYRPHIDAE,Merodon,atricapillatus,,,,,"Šašić, Ačanski &amp; Vujić, 2018",<em><br/></em>
175923879,Merodon rojoi,ANIMALIA,ARTHROPODA,INSECTA,DIPTERA,SYRPHIDAE,Merodon,rojoi,,,,,"Vujić &amp; Radenković, 2020",<em><br/></em>
63226,Cordulegaster helladica ssp. buchholzi,ANIMALIA,ARTHROPODA,INSECTA,ODONATA,CORDULEGASTRIDAE,Cordulegaster,helladica,subspecies,buchholzi,,,"Lohmann, 1993","This species is considered a subspecies of <em>Cordulegaster helladica</em>, but given the closeness of the two taxa, genetic investigations are in work  to provide new taxonomic information."
165533,Cordulegaster helladica ssp. helladica,ANIMALIA,ARTHROPODA,INSECTA,ODONATA,CORDULEGASTRIDAE,Cordulegaster,helladica,subspecies,helladica,,,"(Lohmann, 1993)","In addition to the nominotypical one, two subspecies have been described, namely <span style=""font-style: italic;"">C. h. buchholzi</span> (Lohmann, 1993) and <span style=""font-style: italic;"">C. h. kastalia</span> (Lohmann, 1993)."
63227,Cordulegaster helladica ssp. kastalia,ANIMALIA,ARTHROPODA,INSECTA,ODONATA,CORDULEGASTRIDAE,Cordulegaster,helladica,subspecies,kastalia,,,"(Lohmann, 1993)","This species is considered a subspecies of <em>Cordulegaster helladica</em> but genetic investigations are in work to get new informations about the systematic position of the various members of <span style=""font-style: italic;"">C. helladica</span>."
188456986,Cheilosia candida,ANIMALIA,ARTHROPODA,INSECTA,DIPTERA,SYRPHIDAE,Cheilosia,candida,,,,,"Vujić &amp; Radenković, 2020","<em>Cheilosia candida</em> Vujić et Radenković, 2020 is a member of the subgenus <em>Convocheila </em>Barkalov, and endemic to Europe. The species was described based on a single male specimen. Radenković <em>et al. </em>(2020) provide images of the male, including the male genitalia, and an identification key to separate the species from all other members of subgenus <em>Convocheila</em>. The species is morphologically similar to <em>C. paralobi</em> Malski, and distinguishing characters are provided in Radenković<em> et al</em>. (2020)."
194174678,Paragus thracusi,ANIMALIA,ARTHROPODA,INSECTA,DIPTERA,SYRPHIDAE,Paragus,thracusi,,,,,"Radenković, Likov &amp; Vujić, 2020",<em><em><br/></em></em>
