assessmentId,internalTaxonId,scientificName,code,name,stressCode,stressName,ancestry,ias,internationalTrade,scope,severity,text,timing,virus
5102180,157591,Brachygonus meraculus,5.3.3,Unintentional effects: (subsistence/small scale) [harvest],1.2,Ecosystem degradation,,,,,,,Ongoing,
6983441,173273,Polyommatus eleniae,2.3.1,Nomadic grazing,1.1|1.2,Ecosystem conversion|Ecosystem degradation,,,,,,,Ongoing,
6983441,173273,Polyommatus eleniae,2.3.3,"Agro-industry grazing, ranching or farming",1.1|1.2,Ecosystem conversion|Ecosystem degradation,,,,,,,Ongoing,
6983441,173273,Polyommatus eleniae,2.3.2,"Small-holder grazing, ranching or farming",1.1|1.2,Ecosystem conversion|Ecosystem degradation,,,,,,,Ongoing,
6983441,173273,Polyommatus eleniae,7.3,Other ecosystem modifications,1.2,Ecosystem degradation,,,,,,,Ongoing,
13309447,13304723,Colletes creticus,2.1.1,Shifting agriculture,1.1|1.2,Ecosystem conversion|Ecosystem degradation,,,,Unknown,Unknown,,Unknown,
13309447,13304723,Colletes creticus,1.3,Tourism & recreation areas,1.1|1.2,Ecosystem conversion|Ecosystem degradation,,,,Unknown,Unknown,,Unknown,
13309447,13304723,Colletes creticus,2.2.3,Scale Unknown/Unrecorded,1.1|1.2,Ecosystem conversion|Ecosystem degradation,,,,Unknown,Unknown,,Unknown,
13309607,13307748,Colletes standfussi,2.1.1,Shifting agriculture,1.1|1.2,Ecosystem conversion|Ecosystem degradation,,,,Unknown,Unknown,,Unknown,
13309607,13307748,Colletes standfussi,2.3.4,Scale Unknown/Unrecorded,1.1|1.2,Ecosystem conversion|Ecosystem degradation,,,,Unknown,Unknown,,Unknown,
13340050,13338042,Seladonia inpilosa,1.3,Tourism & recreation areas,1.2,Ecosystem degradation,,,,Whole (>90%),Unknown,,Future,
13340050,13338042,Seladonia inpilosa,1.1,Housing & urban areas,1.2,Ecosystem degradation,,,,Whole (>90%),Unknown,,Future,
17891947,16084525,Oropodisma chelmosi,1.3,Tourism & recreation areas,1.1|1.2|2.1,Ecosystem conversion|Ecosystem degradation|Species mortality,,,,Minority (<50%),"Slow, Significant Declines",,Ongoing,
18053580,16084523,Oropodisma willemsei,3.2,Mining & quarrying,1.1|2.1,Ecosystem conversion|Species mortality,,,,Minority (<50%),Very Rapid Declines,,Ongoing,
18053580,16084523,Oropodisma willemsei,2.3.2,"Small-holder grazing, ranching or farming",1.1|1.2|2.1,Ecosystem conversion|Ecosystem degradation|Species mortality,,,,Majority (50-90%),Causing/Could cause fluctuations,,Ongoing,
18053580,16084523,Oropodisma willemsei,2.3.1,Nomadic grazing,1.2,Ecosystem degradation,,,,Majority (50-90%),Unknown,,Ongoing,
18407506,16084420,Oropodisma karavica,2.3.2,"Small-holder grazing, ranching or farming",1.2,Ecosystem degradation,,,,Majority (50-90%),Unknown,,Ongoing,
18407506,16084420,Oropodisma karavica,2.3.1,Nomadic grazing,1.2,Ecosystem degradation,,,,Majority (50-90%),Unknown,,Ongoing,
19201795,19198587,Andrena standfussorum,12.1,Other threat,2.1,Species mortality,,,,Unknown,Unknown,,Ongoing,
19201795,19198587,Andrena standfussorum,2.1.4,Scale Unknown/Unrecorded,1.2,Ecosystem degradation,,,,Unknown,Unknown,,Ongoing,
19201795,19198587,Andrena standfussorum,2.1.3,Agro-industry farming,1.2,Ecosystem degradation,,,,Unknown,Unknown,,Ongoing,
19201795,19198587,Andrena standfussorum,2.1.2,Small-holder farming,1.1|1.2,Ecosystem conversion|Ecosystem degradation,,,,Unknown,Unknown,,Ongoing,
19201795,19198587,Andrena standfussorum,2.1.1,Shifting agriculture,1.1|1.2,Ecosystem conversion|Ecosystem degradation,,,,Unknown,Unknown,,Ongoing,
19201795,19198587,Andrena standfussorum,9.3.1,Nutrient loads,1.2,Ecosystem degradation,,,,Unknown,Unknown,,Ongoing,
19201795,19198587,Andrena standfussorum,9.3.2,"Soil erosion, sedimentation",1.2,Ecosystem degradation,,,,Unknown,Unknown,,Ongoing,
19201795,19198587,Andrena standfussorum,9.3.3,Herbicides and pesticides,1.2,Ecosystem degradation,,,,Unknown,Unknown,,Ongoing,
19201795,19198587,Andrena standfussorum,1.1,Housing & urban areas,1.2,Ecosystem degradation,,,,Unknown,Unknown,,Ongoing,
19201795,19198587,Andrena standfussorum,1.2,Commercial & industrial areas,1.2,Ecosystem degradation,,,,Unknown,Unknown,,Ongoing,
19201795,19198587,Andrena standfussorum,1.3,Tourism & recreation areas,1.2,Ecosystem degradation,,,,Unknown,Unknown,,Ongoing,
42461359,42428291,Atyaephyra strymonensis,7.2.11,Dams (size unknown),2.2,Species disturbance,,,,Majority (50-90%),Causing/Could cause fluctuations,,Ongoing,
42461359,42428291,Atyaephyra strymonensis,9.1.1,Sewage,1.2|2.1,Ecosystem degradation|Species mortality,,,,Whole (>90%),"Slow, Significant Declines",,Ongoing,
42461359,42428291,Atyaephyra strymonensis,9.3.3,Herbicides and pesticides,1.2|2.1,Ecosystem degradation|Species mortality,,,,Whole (>90%),"Slow, Significant Declines",,Ongoing,
42461359,42428291,Atyaephyra strymonensis,9.3.1,Nutrient loads,1.2|2.1,Ecosystem degradation|Species mortality,,,,Whole (>90%),"Slow, Significant Declines",,Ongoing,
42463679,42463645,Nomada cretensis,2.1.3,Agro-industry farming,1.2,Ecosystem degradation,,,,,Rapid Declines,,Ongoing,
43509253,19199653,Andrena chelma,2.3.2,"Small-holder grazing, ranching or farming",1.1|1.2|2.1|2.2,Ecosystem conversion|Ecosystem degradation|Species mortality|Species disturbance,,,,Minority (<50%),"Slow, Significant Declines",,Ongoing,
43509253,19199653,Andrena chelma,7.1.1,Increase in fire frequency/intensity,1.1|1.2|2.1|2.2,Ecosystem conversion|Ecosystem degradation|Species mortality|Species disturbance,,,,Unknown,Causing/Could cause fluctuations,,Ongoing,
43509688,21138032,Andrena ebmerella,11.1,Habitat shifting & alteration,1.1|1.2|1.3|2.1|2.2,Ecosystem conversion|Ecosystem degradation|Indirect ecosystem effects|Species mortality|Species disturbance,,,,Unknown,Unknown,,Unknown,
43509688,21138032,Andrena ebmerella,7.1.1,Increase in fire frequency/intensity,1.1|1.2|2.1|2.2,Ecosystem conversion|Ecosystem degradation|Species mortality|Species disturbance,,,,Unknown,Causing/Could cause fluctuations,,Ongoing,
43509688,21138032,Andrena ebmerella,2.3.2,"Small-holder grazing, ranching or farming",1.1|1.2|2.1|2.2,Ecosystem conversion|Ecosystem degradation|Species mortality|Species disturbance,,,,Unknown,"Slow, Significant Declines",,Ongoing,
43509986,19199759,Andrena helenica,2.3.2,"Small-holder grazing, ranching or farming",1.1|1.2|2.1|2.2,Ecosystem conversion|Ecosystem degradation|Species mortality|Species disturbance,,,,Unknown,"Slow, Significant Declines",,Ongoing,
43509986,19199759,Andrena helenica,7.1.1,Increase in fire frequency/intensity,1.1|1.2|2.1|2.2,Ecosystem conversion|Ecosystem degradation|Species mortality|Species disturbance,,,,Unknown,Causing/Could cause fluctuations,,Ongoing,
43510530,19198891,Andrena muscaria,2.3.2,"Small-holder grazing, ranching or farming",1.1|1.2|2.1|2.2,Ecosystem conversion|Ecosystem degradation|Species mortality|Species disturbance,,,,Unknown,"Slow, Significant Declines",,Ongoing,
43510530,19198891,Andrena muscaria,7.1.1,Increase in fire frequency/intensity,1.1|1.2|2.1|2.2,Ecosystem conversion|Ecosystem degradation|Species mortality|Species disturbance,,,,Unknown,Causing/Could cause fluctuations,,Ongoing,
43510570,19199467,Andrena neovirida,2.3.2,"Small-holder grazing, ranching or farming",1.1|1.2|2.1|2.2,Ecosystem conversion|Ecosystem degradation|Species mortality|Species disturbance,,,,Unknown,"Slow, Significant Declines",,Ongoing,
43510570,19199467,Andrena neovirida,7.1.1,Increase in fire frequency/intensity,1.1|1.2|2.1|2.2,Ecosystem conversion|Ecosystem degradation|Species mortality|Species disturbance,,,,Unknown,Causing/Could cause fluctuations,,Ongoing,
43959301,157814,Anaglyptus luteofasciatus,1.1,Housing & urban areas,1.1|1.2,Ecosystem conversion|Ecosystem degradation,,,,Unknown,Rapid Declines,,Ongoing,
43959301,157814,Anaglyptus luteofasciatus,7.1.1,Increase in fire frequency/intensity,1.2,Ecosystem degradation,,,,Unknown,Rapid Declines,,Ongoing,
43959301,157814,Anaglyptus luteofasciatus,2.3.3,"Agro-industry grazing, ranching or farming",1.2,Ecosystem degradation,,,,Unknown,"Slow, Significant Declines",,Ongoing,
43959900,157893,Anaglyptus praecellens,9.3.3,Herbicides and pesticides,1.2|2.1,Ecosystem degradation|Species mortality,,,,Unknown,Rapid Declines,,Ongoing,
43959900,157893,Anaglyptus praecellens,5.3.5,Motivation Unknown/Unrecorded,1.1|1.2|2.1,Ecosystem conversion|Ecosystem degradation|Species mortality,,,,Unknown,"Slow, Significant Declines",,Ongoing,
43996816,157864,Isotomus jarmilae,5.3.5,Motivation Unknown/Unrecorded,1.2,Ecosystem degradation,,,,Unknown,"Slow, Significant Declines",,Ongoing,
43996816,157864,Isotomus jarmilae,2.3.2,"Small-holder grazing, ranching or farming",1.2,Ecosystem degradation,,,,Unknown,"Slow, Significant Declines",,Ongoing,
44113885,157668,Ampedus karneri,5.3.5,Motivation Unknown/Unrecorded,1.2,Ecosystem degradation,,,,,,,Ongoing,
44114151,157643,Ampedus macedonicus,5.3.5,Motivation Unknown/Unrecorded,2.1,Species mortality,,,,Unknown,Unknown,,Unknown,
45462306,45462302,Eupholidoptera cephalonica,7.1.1,Increase in fire frequency/intensity,1.2|2.1,Ecosystem degradation|Species mortality,,,,Minority (<50%),Rapid Declines,,Ongoing,
45462379,45462354,Eupholidoptera epirotica,7.1.1,Increase in fire frequency/intensity,1.2|2.1,Ecosystem degradation|Species mortality,,,,Minority (<50%),Rapid Declines,,Future,
45462578,45462525,Eupholidoptera leucasi,7.1.1,Increase in fire frequency/intensity,1.2|2.1,Ecosystem degradation|Species mortality,,,,Minority (<50%),Rapid Declines,,Future,
45462686,45462624,Eupholidoptera megastyla,7.1.1,Increase in fire frequency/intensity,1.2|2.1,Ecosystem degradation|Species mortality,,,,Minority (<50%),Rapid Declines,,Ongoing,
45463162,45463146,Eupholidoptera uvarovi,7.1.1,Increase in fire frequency/intensity,1.2|2.1,Ecosystem degradation|Species mortality,,,,Minority (<50%),Rapid Declines,,Ongoing,
45463215,45463212,Eupholidoptera forcipata,2.3.2,"Small-holder grazing, ranching or farming",1.2,Ecosystem degradation,,,,Majority (50-90%),Unknown,,Ongoing,
45463215,45463212,Eupholidoptera forcipata,7.1.1,Increase in fire frequency/intensity,1.2|2.1,Ecosystem degradation|Species mortality,,,,Majority (50-90%),Rapid Declines,,Future,
45463226,45463223,Eupholidoptera icariensis,7.1.1,Increase in fire frequency/intensity,1.2|2.1,Ecosystem degradation|Species mortality,,,,Minority (<50%),Rapid Declines,,Future,
45463236,45463233,Eupholidoptera jacquelinae,7.1.1,Increase in fire frequency/intensity,1.2|2.1,Ecosystem degradation|Species mortality,,,,Majority (50-90%),Rapid Declines,,Future,
45463253,45463250,Eupholidoptera kykladica,7.1.1,Increase in fire frequency/intensity,1.2|2.1,Ecosystem degradation|Species mortality,,,,Minority (<50%),Rapid Declines,,Future,
45463288,45463281,Eupholidoptera spinigera,2.3.2,"Small-holder grazing, ranching or farming",1.2|2.2,Ecosystem degradation|Species disturbance,,,,Minority (<50%),"Slow, Significant Declines",,Ongoing,
45463288,45463281,Eupholidoptera spinigera,7.1.1,Increase in fire frequency/intensity,1.2|2.1,Ecosystem degradation|Species mortality,,,,Minority (<50%),Rapid Declines,,Ongoing,
45463334,45463331,Eupholidoptera annamariae,2.3.2,"Small-holder grazing, ranching or farming",1.2|2.3.7,Ecosystem degradation|Reduced reproductive success,,,,Unknown,Causing/Could cause fluctuations,,Unknown,
45463334,45463331,Eupholidoptera annamariae,7.1.1,Increase in fire frequency/intensity,1.2|2.1,Ecosystem degradation|Species mortality,,,,Majority (50-90%),Rapid Declines,,Future,
45463431,45463340,Eupholidoptera astyla,2.3.2,"Small-holder grazing, ranching or farming",1.2,Ecosystem degradation,,,,Majority (50-90%),Unknown,,Ongoing,
45463431,45463340,Eupholidoptera astyla,2.3.1,Nomadic grazing,1.2,Ecosystem degradation,,,,Majority (50-90%),Unknown,,Ongoing,
45463466,45463463,Eupholidoptera feri,2.1.3,Agro-industry farming,1.2,Ecosystem degradation,,,,Majority (50-90%),Unknown,,Ongoing,
45463466,45463463,Eupholidoptera feri,2.1.2,Small-holder farming,1.2,Ecosystem degradation,,,,Majority (50-90%),Unknown,,Ongoing,
45463466,45463463,Eupholidoptera feri,7.1.1,Increase in fire frequency/intensity,1.2|2.1,Ecosystem degradation|Species mortality,,,,Majority (50-90%),Rapid Declines,,Future,
45463477,45463473,Eupholidoptera giuliae,7.1.1,Increase in fire frequency/intensity,1.2|2.1,Ecosystem degradation|Species mortality,,,,Minority (<50%),Rapid Declines,,Future,
45463496,45463493,Eupholidoptera latens,2.3.2,"Small-holder grazing, ranching or farming",1.2,Ecosystem degradation,,,,Majority (50-90%),Unknown,,Ongoing,
45463496,45463493,Eupholidoptera latens,7.1.1,Increase in fire frequency/intensity,1.2|2.1,Ecosystem degradation|Species mortality,,,,Minority (<50%),Rapid Declines,,Future,
45463505,45463502,Eupholidoptera mariannae,2.1.2,Small-holder farming,1.2|2.1,Ecosystem degradation|Species mortality,,,,Minority (<50%),Unknown,,Ongoing,
45466681,45466678,Poecilimon pindos,1.3,Tourism & recreation areas,1.1|2.1,Ecosystem conversion|Species mortality,,,,Minority (<50%),Causing/Could cause fluctuations,,Ongoing,
45466681,45466678,Poecilimon pindos,2.3.1,Nomadic grazing,1.2,Ecosystem degradation,,,,Majority (50-90%),Unknown,,Ongoing,
45466681,45466678,Poecilimon pindos,2.3.2,"Small-holder grazing, ranching or farming",1.2,Ecosystem degradation,,,,Majority (50-90%),Unknown,,Ongoing,
45811388,157538,Pseudosphegesthes bergeri,2.3.2,"Small-holder grazing, ranching or farming",1.1|1.2,Ecosystem conversion|Ecosystem degradation,,,,Unknown,Unknown,,Ongoing,
45811388,157538,Pseudosphegesthes bergeri,5.3.3,Unintentional effects: (subsistence/small scale) [harvest],1.1|1.2,Ecosystem conversion|Ecosystem degradation,,,,Unknown,Rapid Declines,,Ongoing,
45811388,157538,Pseudosphegesthes bergeri,2.2.1,Small-holder plantations,1.1|1.2,Ecosystem conversion|Ecosystem degradation,,,,Unknown,"Slow, Significant Declines",,Ongoing,
45823371,157798,Stenopterus creticus,1.1,Housing & urban areas,1.1|1.2,Ecosystem conversion|Ecosystem degradation,,,,Unknown,Rapid Declines,,Ongoing,
45823371,157798,Stenopterus creticus,6.1,Recreational activities,1.2|2.2,Ecosystem degradation|Species disturbance,,,,Unknown,"Slow, Significant Declines",,Ongoing,
45823371,157798,Stenopterus creticus,2.3.2,"Small-holder grazing, ranching or farming",1.2|2.1,Ecosystem degradation|Species mortality,,,,Unknown,"Slow, Significant Declines",,Ongoing,
45826874,157771,Trichoferus bergeri,1.1,Housing & urban areas,1.1|1.2|2.1,Ecosystem conversion|Ecosystem degradation|Species mortality,,,,Unknown,Rapid Declines,,Ongoing,
45826874,157771,Trichoferus bergeri,5.3.5,Motivation Unknown/Unrecorded,1.1|1.2|2.1,Ecosystem conversion|Ecosystem degradation|Species mortality,,,,Unknown,"Slow, Significant Declines",,Ongoing,
45826874,157771,Trichoferus bergeri,4.1,Roads & railroads,1.1,Ecosystem conversion,,,,Unknown,Causing/Could cause fluctuations,,Ongoing,
47708524,17182027,Poecilimon ikariensis,7.1.3,Trend Unknown/Unrecorded,1.2|2.1,Ecosystem degradation|Species mortality,,,,Minority (<50%),Causing/Could cause fluctuations,,"Past, Likely to Return",
47708524,17182027,Poecilimon ikariensis,2.1.2,Small-holder farming,1.2,Ecosystem degradation,,,,Unknown,Unknown,,Ongoing,
47708524,17182027,Poecilimon ikariensis,2.3.2,"Small-holder grazing, ranching or farming",1.2,Ecosystem degradation,,,,Majority (50-90%),,,Ongoing,
47708697,17181950,Poecilimon deplanatus,2.3.2,"Small-holder grazing, ranching or farming",1.2|2.1,Ecosystem degradation|Species mortality,,,,Minority (<50%),Unknown,,Ongoing,
47708697,17181950,Poecilimon deplanatus,7.1.1,Increase in fire frequency/intensity,2.1,Species mortality,,,,Unknown,Unknown,,Ongoing,
47726171,17182043,Poecilimon klausgerhardi,7.1.3,Trend Unknown/Unrecorded,1.2|2.1,Ecosystem degradation|Species mortality,,,,Minority (<50%),Unknown,,Unknown,
48031475,47943578,Agoliinus pittinoi,7.3,Other ecosystem modifications,1.1|1.2|2.1|2.2,Ecosystem conversion|Ecosystem degradation|Species mortality|Species disturbance,,,,Unknown,"Slow, Significant Declines",,Unknown,
48031475,47943578,Agoliinus pittinoi,9.3.4,Type Unknown/Unrecorded,1.2|2.1,Ecosystem degradation|Species mortality,,,,Unknown,"Slow, Significant Declines",,Ongoing,
48032062,47945322,Paracoptochirus vignai,2.3.3,"Agro-industry grazing, ranching or farming",1.1|1.2|2.1|2.2,Ecosystem conversion|Ecosystem degradation|Species mortality|Species disturbance,,,,Minority (<50%),"Slow, Significant Declines",,Unknown,
48032062,47945322,Paracoptochirus vignai,7.3,Other ecosystem modifications,1.2,Ecosystem degradation,,,,Unknown,"Slow, Significant Declines",,Ongoing,
48032062,47945322,Paracoptochirus vignai,9.3.4,Type Unknown/Unrecorded,1.2|2.1,Ecosystem degradation|Species mortality,,,,Unknown,"Slow, Significant Declines",,Ongoing,
64563270,173305,Hipparchia christenseni,7.1.1,Increase in fire frequency/intensity,1.1|1.2,Ecosystem conversion|Ecosystem degradation,,,,,,,Ongoing,
64809060,173252,Maniola chia,5.1.1,Intentional use (species is the target),2.1|2.2,Species mortality|Species disturbance,,,,Whole (>90%),,,Ongoing,
64809060,173252,Maniola chia,7.1.1,Increase in fire frequency/intensity,1.1|1.2,Ecosystem conversion|Ecosystem degradation,,,,Whole (>90%),,,Ongoing,
69638033,69637992,Chorthippus ferdinandi,2.1.2,Small-holder farming,1.2|2.1,Ecosystem degradation|Species mortality,,,,Whole (>90%),Rapid Declines,,Ongoing,
69638033,69637992,Chorthippus ferdinandi,7.2.7,Abstraction of ground water (agricultural use),1.2|2.2,Ecosystem degradation|Species disturbance,,,,Whole (>90%),Causing/Could cause fluctuations,,Ongoing,
69638033,69637992,Chorthippus ferdinandi,7.2.3,Abstraction of surface water (agricultural use),1.2|2.1,Ecosystem degradation|Species mortality,,,,Whole (>90%),Causing/Could cause fluctuations,,Ongoing,
69638033,69637992,Chorthippus ferdinandi,2.3.2,"Small-holder grazing, ranching or farming",1.2|2.2,Ecosystem degradation|Species disturbance,,,,Minority (<50%),Causing/Could cause fluctuations,,Ongoing,
69668556,69668544,Ovaliptila kinzelbachi,3.2,Mining & quarrying,1.1|1.2|2.1,Ecosystem conversion|Ecosystem degradation|Species mortality,,,,Majority (50-90%),Rapid Declines,,Future,
69668556,69668544,Ovaliptila kinzelbachi,6.1,Recreational activities,1.2|2.2,Ecosystem degradation|Species disturbance,,,,Majority (50-90%),"Slow, Significant Declines",,Future,
69668595,69668585,Ovaliptila krueperi,3.2,Mining & quarrying,1.1|1.2|2.1,Ecosystem conversion|Ecosystem degradation|Species mortality,,,,Unknown,Rapid Declines,,Future,
69668760,69668679,Ovaliptila lindbergi,3.2,Mining & quarrying,1.1|1.2|2.1,Ecosystem conversion|Ecosystem degradation|Species mortality,,,,Minority (<50%),Rapid Declines,,Future,
69668802,69668788,Ovaliptila nana,3.2,Mining & quarrying,1.1|1.2|2.1,Ecosystem conversion|Ecosystem degradation|Species mortality,,,,Whole (>90%),Rapid Declines,,Future,
69668802,69668788,Ovaliptila nana,6.1,Recreational activities,1.2|2.2,Ecosystem degradation|Species disturbance,,,,Majority (50-90%),"Slow, Significant Declines",,Future,
69680725,44698100,Rhacocleis silvestrii,7.1.3,Trend Unknown/Unrecorded,1.2|2.1,Ecosystem degradation|Species mortality,,,,Majority (50-90%),Rapid Declines,,Ongoing,
70432562,14870997,Chorthippus lacustris,2.1.3,Agro-industry farming,1.1|1.2,Ecosystem conversion|Ecosystem degradation,,,,Unknown,Rapid Declines,,Ongoing,
70432562,14870997,Chorthippus lacustris,7.2.3,Abstraction of surface water (agricultural use),1.1|1.2,Ecosystem conversion|Ecosystem degradation,,,,Whole (>90%),"Slow, Significant Declines",,Ongoing,
70432562,14870997,Chorthippus lacustris,1.1,Housing & urban areas,1.1|1.2,Ecosystem conversion|Ecosystem degradation,,,,Unknown,"Slow, Significant Declines",,Ongoing,
70564378,16084579,Chorthippus biroi,2.3.2,"Small-holder grazing, ranching or farming",1.2,Ecosystem degradation,,,,Majority (50-90%),Unknown,,Ongoing,
70564378,16084579,Chorthippus biroi,2.3.1,Nomadic grazing,1.2,Ecosystem degradation,,,,Majority (50-90%),Unknown,,Ongoing,
70564378,16084579,Chorthippus biroi,7.1.3,Trend Unknown/Unrecorded,1.1|2.1,Ecosystem conversion|Species mortality,,,,Majority (50-90%),Rapid Declines,,Unknown,
70564582,16084612,Chorthippus moreanus,7.1.3,Trend Unknown/Unrecorded,1.1|1.2,Ecosystem conversion|Ecosystem degradation,,,,Unknown,Unknown,,Unknown,
70564582,16084612,Chorthippus moreanus,2.3.2,"Small-holder grazing, ranching or farming",1.1|1.2,Ecosystem conversion|Ecosystem degradation,,,,Unknown,Unknown,,Unknown,
70564761,16084456,Chorthippus parnon,7.1.3,Trend Unknown/Unrecorded,1.1|1.2|2.1,Ecosystem conversion|Ecosystem degradation|Species mortality,,,,Majority (50-90%),Unknown,,Ongoing,
70564761,16084456,Chorthippus parnon,2.3.2,"Small-holder grazing, ranching or farming",1.2,Ecosystem degradation,,,,Majority (50-90%),Unknown,,Ongoing,
70565847,16084479,Chorthippus pulloides,7.3,Other ecosystem modifications,1.2,Ecosystem degradation,,,,Minority (<50%),"Slow, Significant Declines",,Ongoing,
70565854,16084530,Chorthippus sangiorgii,2.3.2,"Small-holder grazing, ranching or farming",1.2,Ecosystem degradation,,,,Majority (50-90%),Unknown,,Ongoing,
70566026,16084625,Oedipoda venusta,2.3.2,"Small-holder grazing, ranching or farming",1.2,Ecosystem degradation,,,,Majority (50-90%),Unknown,,Ongoing,
70566490,16084417,Oropodisma kyllinii,2.3.2,"Small-holder grazing, ranching or farming",1.2,Ecosystem degradation,,,,Majority (50-90%),Unknown,,Ongoing,
70566490,16084417,Oropodisma kyllinii,2.3.1,Nomadic grazing,1.2,Ecosystem degradation,,,,Majority (50-90%),Unknown,,Ongoing,
70566509,16084623,Oropodisma lagrecai,2.3.2,"Small-holder grazing, ranching or farming",1.2,Ecosystem degradation,,,,Majority (50-90%),Unknown,,Ongoing,
70566509,16084623,Oropodisma lagrecai,2.3.1,Nomadic grazing,1.2,Ecosystem degradation,,,,Majority (50-90%),Unknown,,Ongoing,
70566636,16084516,Oropodisma parnassica,1.3,Tourism & recreation areas,1.1|2.1,Ecosystem conversion|Species mortality,,,,Minority (<50%),Unknown,,Ongoing,
70566636,16084516,Oropodisma parnassica,2.3.2,"Small-holder grazing, ranching or farming",1.2,Ecosystem degradation,,,,Majority (50-90%),Unknown,,Ongoing,
70566636,16084516,Oropodisma parnassica,2.3.1,Nomadic grazing,1.2,Ecosystem degradation,,,,Majority (50-90%),Unknown,,Ongoing,
70566636,16084516,Oropodisma parnassica,4.1,Roads & railroads,1.1|1.2|2.2,Ecosystem conversion|Ecosystem degradation|Species disturbance,,,,Unknown,Unknown,,Ongoing,
70566653,16084561,Oropodisma taygetosi,2.3.2,"Small-holder grazing, ranching or farming",1.2,Ecosystem degradation,,,,Majority (50-90%),Unknown,,Ongoing,
70566653,16084561,Oropodisma taygetosi,2.3.1,Nomadic grazing,1.2,Ecosystem degradation,,,,Majority (50-90%),Unknown,,Ongoing,
70566762,16084584,Oropodisma tymphrestosi,2.3.1,Nomadic grazing,1.2,Ecosystem degradation,,,,Majority (50-90%),Unknown,,Ongoing,
70566762,16084584,Oropodisma tymphrestosi,1.3,Tourism & recreation areas,1.1,Ecosystem conversion,,,,Minority (<50%),Unknown,,Ongoing,
70566762,16084584,Oropodisma tymphrestosi,2.3.2,"Small-holder grazing, ranching or farming",1.2|2.2,Ecosystem degradation|Species disturbance,,,,Majority (50-90%),Unknown,,Ongoing,
70567218,16084574,Pezotettix lagoi,7.1.3,Trend Unknown/Unrecorded,1.1|2.1,Ecosystem conversion|Species mortality,,,,Majority (50-90%),Unknown,,Ongoing,
70567692,16084408,Xerohippus solerii,7.1.3,Trend Unknown/Unrecorded,1.2|2.1,Ecosystem degradation|Species mortality,,,,Majority (50-90%),Rapid Declines,,Ongoing,
70567952,68380920,Gryllotalpa krimbasi,7.2.11,Dams (size unknown),1.1|2.1,Ecosystem conversion|Species mortality,,,,Minority (<50%),Rapid Declines,,Future,
70567952,68380920,Gryllotalpa krimbasi,7.2.8,Abstraction of ground water (unknown use),1.2|2.1,Ecosystem degradation|Species mortality,,,,Minority (<50%),Rapid Declines,,Ongoing,
70567952,68380920,Gryllotalpa krimbasi,9.3.3,Herbicides and pesticides,2.1,Species mortality,,,,Minority (<50%),Rapid Declines,,Ongoing,
70568039,44698010,Glyphanus obtusus,1.1,Housing & urban areas,1.1|2.1,Ecosystem conversion|Species mortality,,,,Minority (<50%),"Slow, Significant Declines",,"Past, Unlikely to Return",
70568039,44698010,Glyphanus obtusus,1.3,Tourism & recreation areas,1.1|1.2,Ecosystem conversion|Ecosystem degradation,,,,Minority (<50%),Causing/Could cause fluctuations,,Ongoing,
70568039,44698010,Glyphanus obtusus,2.3.2,"Small-holder grazing, ranching or farming",1.2,Ecosystem degradation,,,,Majority (50-90%),Unknown,,Ongoing,
70571529,68444850,Orchamus raulinii,7.1.3,Trend Unknown/Unrecorded,1.2|2.1,Ecosystem degradation|Species mortality,,,,Majority (50-90%),Rapid Declines,,Ongoing,
70572787,17181617,Isophya lemnotica,7.1.3,Trend Unknown/Unrecorded,1.2,Ecosystem degradation,,,,Majority (50-90%),Unknown,,Unknown,
70572787,17181617,Isophya lemnotica,2.3.2,"Small-holder grazing, ranching or farming",1.2,Ecosystem degradation,,,,Majority (50-90%),Causing/Could cause fluctuations,,Ongoing,
70572787,17181617,Isophya lemnotica,11.2,Droughts,1.2,Ecosystem degradation,,,,Whole (>90%),Unknown,,Unknown,
70572787,17181617,Isophya lemnotica,11.1,Habitat shifting & alteration,1.1,Ecosystem conversion,,,,Whole (>90%),Unknown,,Unknown,
70577245,17181748,Leptophyes lisae,2.3.2,"Small-holder grazing, ranching or farming",1.2,Ecosystem degradation,,,,Majority (50-90%),Unknown,,Ongoing,
70577245,17181748,Leptophyes lisae,7.2.8,Abstraction of ground water (unknown use),1.2,Ecosystem degradation,,,,Majority (50-90%),Unknown,,Ongoing,
70577990,17181859,Metaplastes oertzeni,2.3.1,Nomadic grazing,1.2,Ecosystem degradation,,,,Majority (50-90%),Unknown,,Ongoing,
70577990,17181859,Metaplastes oertzeni,2.3.2,"Small-holder grazing, ranching or farming",1.2,Ecosystem degradation,,,,Majority (50-90%),,,Ongoing,
70578251,17181896,Poecilimon aegaeus,2.1.2,Small-holder farming,1.1|1.2,Ecosystem conversion|Ecosystem degradation,,,,Minority (<50%),Unknown,,Ongoing,
70578251,17181896,Poecilimon aegaeus,7.1.3,Trend Unknown/Unrecorded,1.1|1.2,Ecosystem conversion|Ecosystem degradation,,,,Whole (>90%),Unknown,,"Past, Likely to Return",
70578251,17181896,Poecilimon aegaeus,2.3.2,"Small-holder grazing, ranching or farming",1.2,Ecosystem degradation,,,,Minority (<50%),Unknown,,Ongoing,
70578251,17181896,Poecilimon aegaeus,1.3,Tourism & recreation areas,1.1,Ecosystem conversion,,,,Minority (<50%),Unknown,,Ongoing,
70580066,17181947,Poecilimon cretensis,2.3.2,"Small-holder grazing, ranching or farming",1.2,Ecosystem degradation,,,,Majority (50-90%),Unknown,,Ongoing,
70580066,17181947,Poecilimon cretensis,7.1.1,Increase in fire frequency/intensity,1.2|2.1,Ecosystem degradation|Species mortality,,,,Minority (<50%),Rapid Declines,,Ongoing,
70583263,17181974,Poecilimon gerlindae,2.1.2,Small-holder farming,1.1|1.2|2.1,Ecosystem conversion|Ecosystem degradation|Species mortality,,,,Minority (<50%),Unknown,,Ongoing,
70583263,17181974,Poecilimon gerlindae,2.3.2,"Small-holder grazing, ranching or farming",1.1|1.2|2.1,Ecosystem conversion|Ecosystem degradation|Species mortality,,,,Majority (50-90%),Unknown,,Ongoing,
70588026,45466621,Poecilimon nobilis,2.3.2,"Small-holder grazing, ranching or farming",1.2,Ecosystem degradation,,,,Minority (<50%),Unknown,,Ongoing,
70588026,45466621,Poecilimon nobilis,2.3.1,Nomadic grazing,1.2,Ecosystem degradation,,,,Minority (<50%),Unknown,,Ongoing,
70588894,45466779,Poecilimon paros,1.3,Tourism & recreation areas,1.1|1.2|2.1,Ecosystem conversion|Ecosystem degradation|Species mortality,,,,Minority (<50%),Rapid Declines,,Future,
70588894,45466779,Poecilimon paros,7.1.1,Increase in fire frequency/intensity,1.2|2.1,Ecosystem degradation|Species mortality,,,,Minority (<50%),Rapid Declines,,Ongoing,
70588894,45466779,Poecilimon paros,2.3.2,"Small-holder grazing, ranching or farming",1.2|2.2,Ecosystem degradation|Species disturbance,,,,Minority (<50%),"Slow, Significant Declines",,Ongoing,
70589222,68458962,Poecilimon propinquus,2.1.2,Small-holder farming,1.1|2.1,Ecosystem conversion|Species mortality,,,,Minority (<50%),Rapid Declines,,Ongoing,
70589222,68458962,Poecilimon propinquus,7.1.1,Increase in fire frequency/intensity,1.2|2.1,Ecosystem degradation|Species mortality,,,,Minority (<50%),Rapid Declines,,Future,
70589222,68458962,Poecilimon propinquus,1.1,Housing & urban areas,1.1|2.1,Ecosystem conversion|Species mortality,,,,Minority (<50%),Rapid Declines,,Ongoing,
70590078,45466695,Poecilimon soulion,1.3,Tourism & recreation areas,1.1|1.2,Ecosystem conversion|Ecosystem degradation,,,,Unknown,Unknown,,Future,
70590078,45466695,Poecilimon soulion,2.3.1,Nomadic grazing,1.2,Ecosystem degradation,,,,Majority (50-90%),Unknown,,Ongoing,
70590078,45466695,Poecilimon soulion,2.3.2,"Small-holder grazing, ranching or farming",1.2,Ecosystem degradation,,,,Majority (50-90%),Unknown,,Ongoing,
70591713,68459242,Poecilimon thessalicus,2.3.2,"Small-holder grazing, ranching or farming",1.2,Ecosystem degradation,,,,Minority (<50%),Unknown,,Ongoing,
70591713,68459242,Poecilimon thessalicus,2.3.1,Nomadic grazing,1.2,Ecosystem degradation,,,,Minority (<50%),Unknown,,Ongoing,
70592575,68459544,Poecilimon veluchianus,2.3.2,"Small-holder grazing, ranching or farming",1.2,Ecosystem degradation,,,,Minority (<50%),Unknown,,Ongoing,
70592575,68459544,Poecilimon veluchianus,2.3.1,Nomadic grazing,1.2,Ecosystem degradation,,,,Minority (<50%),Unknown,,Ongoing,
70592907,68459596,Poecilimon zimmeri,2.3.2,"Small-holder grazing, ranching or farming",1.2,Ecosystem degradation,,,,Majority (50-90%),Unknown,,Ongoing,
70592907,68459596,Poecilimon zimmeri,2.3.1,Nomadic grazing,1.2,Ecosystem degradation,,,,Majority (50-90%),Unknown,,Ongoing,
70593097,68313516,Dolichopoda annae,3.2,Mining & quarrying,1.1|1.2|2.1,Ecosystem conversion|Ecosystem degradation|Species mortality,,,,Minority (<50%),"Slow, Significant Declines",,Ongoing,
70593507,17046304,Dolichopoda dalensi,6.1,Recreational activities,1.2,Ecosystem degradation,,,,Unknown,Unknown,,Ongoing,
70593507,17046304,Dolichopoda dalensi,1.3,Tourism & recreation areas,1.2,Ecosystem degradation,,,,Unknown,Unknown,,Ongoing,
70594650,68314157,Dolichopoda graeca,1.3,Tourism & recreation areas,1.1,Ecosystem conversion,,,,Whole (>90%),Unknown,,Ongoing,
70595042,68314228,Dolichopoda insignis,6.1,Recreational activities,2.2|2.3.7,Species disturbance|Reduced reproductive success,,,,Minority (<50%),"Slow, Significant Declines",,Future,
70595257,17046317,Dolichopoda ithakii,6.1,Recreational activities,1.2|2.2|2.3.7,Ecosystem degradation|Species disturbance|Reduced reproductive success,,,,Whole (>90%),"Slow, Significant Declines",,Future,
70595489,17046320,Dolichopoda kiriakii,6.1,Recreational activities,1.2|2.2,Ecosystem degradation|Species disturbance,,,,Whole (>90%),"Slow, Significant Declines",,Future,
70596267,68314461,Dolichopoda matsakisi,1.3,Tourism & recreation areas,2.2,Species disturbance,,,,Majority (50-90%),Unknown,,Ongoing,
70596267,68314461,Dolichopoda matsakisi,6.1,Recreational activities,2.2,Species disturbance,,,,Majority (50-90%),Unknown,,Ongoing,
70596318,68314517,Dolichopoda naxia,6.1,Recreational activities,2.2,Species disturbance,,,,Whole (>90%),Unknown,,Ongoing,
70596318,68314517,Dolichopoda naxia,1.3,Tourism & recreation areas,2.2,Species disturbance,,,,Whole (>90%),Unknown,,Ongoing,
70613718,70613694,Dolichopoda giulianae,1.3,Tourism & recreation areas,1.2,Ecosystem degradation,,,,Majority (50-90%),Unknown,,Ongoing,
70613903,70613898,Troglophilus zoiai,3.2,Mining & quarrying,1.1|2.1,Ecosystem conversion|Species mortality,,,,Minority (<50%),Rapid Declines,,Ongoing,
70623051,17046327,Dolichopoda pavesii,3.2,Mining & quarrying,1.1|2.1,Ecosystem conversion|Species mortality,,,,Majority (50-90%),Rapid Declines,,Future,
70623319,68314680,Dolichopoda petrochilosi,6.1,Recreational activities,1.2|2.2,Ecosystem degradation|Species disturbance,,,,Majority (50-90%),Unknown,,Ongoing,
70623319,68314680,Dolichopoda petrochilosi,1.3,Tourism & recreation areas,1.2|2.2,Ecosystem degradation|Species disturbance,,,,Majority (50-90%),Unknown,,Ongoing,
70623629,68485526,Troglophilus lagoi,3.2,Mining & quarrying,1.1|1.2|2.1,Ecosystem conversion|Ecosystem degradation|Species mortality,,,,Minority (<50%),"Slow, Significant Declines",,Ongoing,
70623658,68485565,Troglophilus marinae,1.3,Tourism & recreation areas,1.2|2.2,Ecosystem degradation|Species disturbance,,,,Whole (>90%),Unknown,,Ongoing,
70623690,64529440,Anadrymadusa brevipennis,7.1.3,Trend Unknown/Unrecorded,1.2,Ecosystem degradation,,,,Majority (50-90%),Unknown,,Ongoing,
70623879,44710646,Bradyporus oniscus,9.3.3,Herbicides and pesticides,2.1,Species mortality,,,,Unknown,Unknown,,Ongoing,
70624269,44711866,Eupholidoptera pallipes,2.3.2,"Small-holder grazing, ranching or farming",2.2,Species disturbance,,,,Unknown,Unknown,,Ongoing,
70624635,68450071,Parnassiana chelmos,1.3,Tourism & recreation areas,1.1|1.2,Ecosystem conversion|Ecosystem degradation,,,,Minority (<50%),Unknown,,Ongoing,
70624635,68450071,Parnassiana chelmos,2.3.2,"Small-holder grazing, ranching or farming",1.2,Ecosystem degradation,,,,Majority (50-90%),Unknown,,Ongoing,
70624635,68450071,Parnassiana chelmos,2.3.1,Nomadic grazing,1.2,Ecosystem degradation,,,,Majority (50-90%),Unknown,,Ongoing,
70624651,68450152,Parnassiana coracis,2.3.2,"Small-holder grazing, ranching or farming",1.2,Ecosystem degradation,,,,Majority (50-90%),Unknown,,Ongoing,
70624651,68450152,Parnassiana coracis,2.3.1,Nomadic grazing,1.2,Ecosystem degradation,,,,Majority (50-90%),Unknown,,Ongoing,
70624666,68450165,Parnassiana dirphys,2.3.2,"Small-holder grazing, ranching or farming",1.2,Ecosystem degradation,,,,Majority (50-90%),Unknown,,Ongoing,
70624666,68450165,Parnassiana dirphys,2.3.1,Nomadic grazing,1.2,Ecosystem degradation,,,,Majority (50-90%),Unknown,,Ongoing,
70624681,68450223,Parnassiana fusca,2.3.2,"Small-holder grazing, ranching or farming",1.2,Ecosystem degradation,,,,Majority (50-90%),Unknown,,Ongoing,
70624681,68450223,Parnassiana fusca,2.3.1,Nomadic grazing,1.2,Ecosystem degradation,,,,Majority (50-90%),Unknown,,Ongoing,
70624696,68450237,Parnassiana gionica,3.2,Mining & quarrying,1.1|2.1,Ecosystem conversion|Species mortality,,,,Minority (<50%),Very Rapid Declines,,Ongoing,
70624696,68450237,Parnassiana gionica,2.3.2,"Small-holder grazing, ranching or farming",1.2,Ecosystem degradation,,,,Majority (50-90%),Unknown,,Ongoing,
70624696,68450237,Parnassiana gionica,2.3.1,Nomadic grazing,1.2,Ecosystem degradation,,,,Majority (50-90%),Unknown,,Ongoing,
70624711,68450241,Parnassiana menalon,1.3,Tourism & recreation areas,1.2,Ecosystem degradation,,,,Minority (<50%),Unknown,,Ongoing,
70624711,68450241,Parnassiana menalon,11.1,Habitat shifting & alteration,1.2,Ecosystem degradation,,,,Whole (>90%),"Slow, Significant Declines",,Ongoing,
70624738,68450251,Parnassiana nigromarginata,2.3.1,Nomadic grazing,1.2,Ecosystem degradation,,,,Majority (50-90%),Unknown,,Ongoing,
70624738,68450251,Parnassiana nigromarginata,11.1,Habitat shifting & alteration,1.1|1.2,Ecosystem conversion|Ecosystem degradation,,,,Whole (>90%),Rapid Declines,,Ongoing,
70624738,68450251,Parnassiana nigromarginata,11.3,Temperature extremes,2.1,Species mortality,,,,Whole (>90%),Rapid Declines,,Ongoing,
70624763,68450271,Parnassiana panaetolikon,2.3.1,Nomadic grazing,1.2,Ecosystem degradation,,,,Majority (50-90%),Unknown,,Ongoing,
70624784,68450303,Parnassiana parnassica,1.3,Tourism & recreation areas,1.1|1.2,Ecosystem conversion|Ecosystem degradation,,,,Minority (<50%),Unknown,,Ongoing,
70624784,68450303,Parnassiana parnassica,2.3.1,Nomadic grazing,1.2,Ecosystem degradation,,,,Majority (50-90%),Unknown,,Ongoing,
70624834,68450311,Parnassiana parnon,2.3.1,Nomadic grazing,1.2,Ecosystem degradation,,,,Majority (50-90%),Unknown,,Ongoing,
70624861,68450318,Parnassiana tenuis,2.3.2,"Small-holder grazing, ranching or farming",1.2,Ecosystem degradation,,,,Majority (50-90%),Unknown,,Ongoing,
70624861,68450318,Parnassiana tenuis,2.3.1,Nomadic grazing,1.2,Ecosystem degradation,,,,Majority (50-90%),Unknown,,Ongoing,
70624888,68450364,Parnassiana tymphiensis,2.3.1,Nomadic grazing,1.2,Ecosystem degradation,,,,Majority (50-90%),Unknown,,Ongoing,
70624904,68450372,Parnassiana tymphrestos,2.3.2,"Small-holder grazing, ranching or farming",1.2,Ecosystem degradation,,,,Majority (50-90%),Unknown,,Ongoing,
70624904,68450372,Parnassiana tymphrestos,2.3.1,Nomadic grazing,1.2,Ecosystem degradation,,,,Majority (50-90%),Unknown,,Ongoing,
70624904,68450372,Parnassiana tymphrestos,1.3,Tourism & recreation areas,1.1|1.2,Ecosystem conversion|Ecosystem degradation,,,,Minority (<50%),Rapid Declines,,Ongoing,
70624951,68451909,Pholidoptera lucasi,7.1.1,Increase in fire frequency/intensity,1.2|2.1,Ecosystem degradation|Species mortality,,,,Majority (50-90%),Rapid Declines,,Ongoing,
70625066,44698051,Rhacocleis crypta,2.3.1,Nomadic grazing,1.2|2.2,Ecosystem degradation|Species disturbance,,,,Majority (50-90%),"Slow, Significant Declines",,Ongoing,
70625081,44698053,Rhacocleis derrai,7.1.3,Trend Unknown/Unrecorded,1.2,Ecosystem degradation,,,,Majority (50-90%),Unknown,,Ongoing,
70625107,44698055,Rhacocleis distinguenda,7.1.1,Increase in fire frequency/intensity,1.1|2.1,Ecosystem conversion|Species mortality,,,,Minority (<50%),Rapid Declines,,Ongoing,
70625138,44698057,Rhacocleis edentata,7.1.3,Trend Unknown/Unrecorded,1.2,Ecosystem degradation,,,,Unknown,,,Ongoing,
70625171,44698059,Rhacocleis ferdinandi,1.3,Tourism & recreation areas,1.1|1.2|2.1,Ecosystem conversion|Ecosystem degradation|Species mortality,,,,Majority (50-90%),Rapid Declines,,Future,
70625171,44698059,Rhacocleis ferdinandi,7.1.1,Increase in fire frequency/intensity,1.2|2.1,Ecosystem degradation|Species mortality,,,,Minority (<50%),Rapid Declines,,Future,
70625186,44698070,Rhacocleis graeca,7.1.1,Increase in fire frequency/intensity,2.1,Species mortality,,,,Minority (<50%),Rapid Declines,,Ongoing,
70625240,44698072,Rhacocleis insularis,7.1.1,Increase in fire frequency/intensity,1.2|2.1,Ecosystem degradation|Species mortality,,,,Minority (<50%),Rapid Declines,,Ongoing,
70625268,44698076,Rhacocleis lithoscirtetes,2.3.2,"Small-holder grazing, ranching or farming",1.2,Ecosystem degradation,,,,Majority (50-90%),Unknown,,Ongoing,
70625268,44698076,Rhacocleis lithoscirtetes,2.3.1,Nomadic grazing,1.2,Ecosystem degradation,,,,Majority (50-90%),Unknown,,Ongoing,
70625294,44698104,Rhacocleis trilobata,7.1.1,Increase in fire frequency/intensity,1.1|1.2|2.1,Ecosystem conversion|Ecosystem degradation|Species mortality,,,,Majority (50-90%),Rapid Declines,,Ongoing,
70625374,44698141,Rhacocleis werneri,7.1.1,Increase in fire frequency/intensity,1.1|1.2|2.1,Ecosystem conversion|Ecosystem degradation|Species mortality,,,,Minority (<50%),Rapid Declines,,Ongoing,
70627797,70613415,Dolichopoda calidnae,1.3,Tourism & recreation areas,1.2,Ecosystem degradation,,,,Majority (50-90%),Unknown,,Ongoing,
70627851,68468653,Saga hellenica,7.1.1,Increase in fire frequency/intensity,1.1|1.2|2.1,Ecosystem conversion|Ecosystem degradation|Species mortality,,,,Minority (<50%),Rapid Declines,,Ongoing,
70627851,68468653,Saga hellenica,9.3.3,Herbicides and pesticides,2.1,Species mortality,,,,Minority (<50%),Rapid Declines,,Ongoing,
70627851,68468653,Saga hellenica,2.1.2,Small-holder farming,1.2|2.1|2.2,Ecosystem degradation|Species mortality|Species disturbance,,,,Minority (<50%),"Slow, Significant Declines",,Ongoing,
74528394,68455994,Poecilimon laevissimus,7.1.1,Increase in fire frequency/intensity,1.2|2.1|2.3.7,Ecosystem degradation|Species mortality|Reduced reproductive success,,,,Minority (<50%),Rapid Declines,,Ongoing,
74528394,68455994,Poecilimon laevissimus,9.3.3,Herbicides and pesticides,2.1,Species mortality,,,,Minority (<50%),Rapid Declines,,Ongoing,
87311325,86807153,Paracorymbia picticornis,5.3.3,Unintentional effects: (subsistence/small scale) [harvest],2.1|2.2|2.3.7,Species mortality|Species disturbance|Reduced reproductive success,,,,Unknown,Causing/Could cause fluctuations,,Ongoing,
87311325,86807153,Paracorymbia picticornis,7.1.3,Trend Unknown/Unrecorded,1.2|2.1|2.3.7,Ecosystem degradation|Species mortality|Reduced reproductive success,,,,Unknown,Unknown,,Ongoing,
87311361,86807269,Pedostrangalia ariadne,7.3,Other ecosystem modifications,1.1|2.1|2.2|2.3.7,Ecosystem conversion|Species mortality|Species disturbance|Reduced reproductive success,,,,Unknown,"Slow, Significant Declines",,Ongoing,
87311361,86807269,Pedostrangalia ariadne,6.3,Work & other activities,1.1|1.2|2.1|2.2|2.3.7,Ecosystem conversion|Ecosystem degradation|Species mortality|Species disturbance|Reduced reproductive success,,,,Unknown,Very Rapid Declines,,Ongoing,
87311361,86807269,Pedostrangalia ariadne,8.1.2,Named species,1.1|1.2|2.1|2.2|2.3.7,Ecosystem conversion|Ecosystem degradation|Species mortality|Species disturbance|Reduced reproductive success,,Ceratocystis platani,,Majority (50-90%),Rapid Declines,,Future,
88000000,87999248,Prionotropis willemsorum,2.3.2,"Small-holder grazing, ranching or farming",1.2,Ecosystem degradation,,,,Majority (50-90%),Unknown,,Ongoing,
90854152,90854150,Dolichopoda saraolacosi,3.2,Mining & quarrying,1.2|2.1,Ecosystem degradation|Species mortality,,,,Unknown,Very Rapid Declines,,Unknown,
90947052,90934784,Ceratophyus schaffrathi,7.3,Other ecosystem modifications,1.1|1.2,Ecosystem conversion|Ecosystem degradation,,,,Unknown,"Slow, Significant Declines",,Unknown,
90947052,90934784,Ceratophyus schaffrathi,1.1,Housing & urban areas,1.1|1.2,Ecosystem conversion|Ecosystem degradation,,,,Unknown,Rapid Declines,,Unknown,
99773641,99773552,Rhacocleis andikithirensis,7.1.3,Trend Unknown/Unrecorded,1.1|2.1,Ecosystem conversion|Species mortality,,,,Majority (50-90%),Unknown,,Ongoing,
103506603,16084613,Chorthippus crassiceps,7.1.3,Trend Unknown/Unrecorded,1.2,Ecosystem degradation,,,,Majority (50-90%),Unknown,,Ongoing,
103506603,16084613,Chorthippus crassiceps,2.3.2,"Small-holder grazing, ranching or farming",1.2,Ecosystem degradation,,,,Unknown,Unknown,,Ongoing,
103506603,16084613,Chorthippus crassiceps,2.3.1,Nomadic grazing,1.2,Ecosystem degradation,,,,Majority (50-90%),Unknown,,Ongoing,
103507242,68313777,Dolichopoda cassagnaui,3.2,Mining & quarrying,1.1|1.2|2.1,Ecosystem conversion|Ecosystem degradation|Species mortality,,,,Majority (50-90%),Rapid Declines,,Future,
103507546,70613726,Dolichopoda kalithea,6.3,Work & other activities,2.2,Species disturbance,,,,Majority (50-90%),Unknown,,Ongoing,
103507546,70613726,Dolichopoda kalithea,1.3,Tourism & recreation areas,2.2,Species disturbance,,,,Majority (50-90%),,,Ongoing,
103507773,68314552,Dolichopoda paraskevi,6.1,Recreational activities,1.2|2.2,Ecosystem degradation|Species disturbance,,,,Majority (50-90%),Causing/Could cause fluctuations,,Ongoing,
103508061,68314902,Dolichopoda steriotisi,3.2,Mining & quarrying,1.1|1.2|2.1,Ecosystem conversion|Ecosystem degradation|Species mortality,,,,Minority (<50%),"Slow, Significant Declines",,Future,
103508315,68314976,Dolichopoda thasosensis,3.2,Mining & quarrying,1.1|1.2|2.1,Ecosystem conversion|Ecosystem degradation|Species mortality,,,,Whole (>90%),Rapid Declines,,Future,
103508476,45463437,Eupholidoptera cretica,7.1.1,Increase in fire frequency/intensity,1.2|2.1,Ecosystem degradation|Species mortality,,,,Majority (50-90%),Rapid Declines,,Unknown,
103508875,17046307,Dolichopoda gasparoi,3.2,Mining & quarrying,1.1|1.2|2.1,Ecosystem conversion|Ecosystem degradation|Species mortality,,,,Majority (50-90%),Rapid Declines,,Future,
103509603,17181907,Poecilimon athos,7.1.1,Increase in fire frequency/intensity,1.2|2.1,Ecosystem degradation|Species mortality,,,,Majority (50-90%),Rapid Declines,,Ongoing,
103510430,17181953,Poecilimon erimanthos,7.1.1,Increase in fire frequency/intensity,1.1|1.2|2.1,Ecosystem conversion|Ecosystem degradation|Species mortality,,,,Minority (<50%),Very Rapid Declines,,Ongoing,
103510920,68485583,Troglophilus spinulosus,3.2,Mining & quarrying,1.1|1.2|2.1,Ecosystem conversion|Ecosystem degradation|Species mortality,,,,Minority (<50%),"Slow, Significant Declines",,Future,
140015452,16084372,Oropodisma erymanthosi,2.3.1,Nomadic grazing,1.2|2.2,Ecosystem degradation|Species disturbance,,,,Majority (50-90%),Unknown,,Ongoing,
138710298,60307,Boyeria cretensis,7.2.11,Dams (size unknown),1.1|1.2,Ecosystem conversion|Ecosystem degradation,,,,,,,Future,
138710298,60307,Boyeria cretensis,1.3,Tourism & recreation areas,1.1|1.2,Ecosystem conversion|Ecosystem degradation,,,,,,,Ongoing,
138710298,60307,Boyeria cretensis,1.1,Housing & urban areas,1.1|1.2,Ecosystem conversion|Ecosystem degradation,,,,,,,Ongoing,
138710298,60307,Boyeria cretensis,9.1.3,Type Unknown/Unrecorded,1.2,Ecosystem degradation,,,,,,,Future,
138710298,60307,Boyeria cretensis,7.2.8,Abstraction of ground water (unknown use),1.2,Ecosystem degradation,,,,,,,Ongoing,
138710298,60307,Boyeria cretensis,7.1.3,Trend Unknown/Unrecorded,1.2,Ecosystem degradation,,,,,,,Ongoing,
138710298,60307,Boyeria cretensis,5.3.5,Motivation Unknown/Unrecorded,1.2,Ecosystem degradation,,,,,,,Ongoing,
138710298,60307,Boyeria cretensis,11.2,Droughts,1.2,Ecosystem degradation,,,,,,,Ongoing,
138710298,60307,Boyeria cretensis,9.3.4,Type Unknown/Unrecorded,1.2,Ecosystem degradation,,,,,,,Future,
138710298,60307,Boyeria cretensis,9.2.3,Type Unknown/Unrecorded,1.2,Ecosystem degradation,,,,,,,Future,
138884087,165504,Coenagrion intermedium,7.2.11,Dams (size unknown),1.1|1.2,Ecosystem conversion|Ecosystem degradation,,,,,,,Ongoing,
138884087,165504,Coenagrion intermedium,1.3,Tourism & recreation areas,1.1|1.2,Ecosystem conversion|Ecosystem degradation,,,,,,,Future,
138884087,165504,Coenagrion intermedium,1.1,Housing & urban areas,1.1|1.2,Ecosystem conversion|Ecosystem degradation,,,,,,,Ongoing,
138884087,165504,Coenagrion intermedium,6.1,Recreational activities,2.2,Species disturbance,,,,,,,Ongoing,
138884087,165504,Coenagrion intermedium,9.1.3,Type Unknown/Unrecorded,1.2,Ecosystem degradation,,,,,,,Future,
138884087,165504,Coenagrion intermedium,9.1.1,Sewage,1.2,Ecosystem degradation,,,,,,,Ongoing,
138884087,165504,Coenagrion intermedium,7.2.8,Abstraction of ground water (unknown use),1.2,Ecosystem degradation,,,,,,,Ongoing,
138884087,165504,Coenagrion intermedium,7.1.3,Trend Unknown/Unrecorded,1.2,Ecosystem degradation,,,,,,,Ongoing,
138884087,165504,Coenagrion intermedium,5.3.5,Motivation Unknown/Unrecorded,1.2,Ecosystem degradation,,,,,,,Ongoing,
138884087,165504,Coenagrion intermedium,11.2,Droughts,1.2,Ecosystem degradation,,,,,,,Ongoing,
138884087,165504,Coenagrion intermedium,9.3.4,Type Unknown/Unrecorded,1.2,Ecosystem degradation,,,,,,,Future,
140514673,59706,Cordulegaster helladica,2.2.2,Agro-industry plantations,1.1|1.2,Ecosystem conversion|Ecosystem degradation,,,,,,,Future,
140514673,59706,Cordulegaster helladica,2.2.1,Small-holder plantations,1.1|1.2,Ecosystem conversion|Ecosystem degradation,,,,,,,Future,
140514673,59706,Cordulegaster helladica,7.2.8,Abstraction of ground water (unknown use),1.2,Ecosystem degradation,,,,,,,Future,
140514673,59706,Cordulegaster helladica,11.2,Droughts,1.2,Ecosystem degradation,,,,,,,Future,
140514673,59706,Cordulegaster helladica,7.1.1,Increase in fire frequency/intensity,1.3,Indirect ecosystem effects,,,,Majority (50-90%),Rapid Declines,,Ongoing,
176511953,17181745,Isophya rhodopensis ssp. leonorae,2.3.2,"Small-holder grazing, ranching or farming",1.2,Ecosystem degradation,,,,Minority (<50%),Unknown,,Ongoing,
176511953,17181745,Isophya rhodopensis ssp. leonorae,5.3.3,Unintentional effects: (subsistence/small scale) [harvest],1.2,Ecosystem degradation,,,,Minority (<50%),Unknown,,Ongoing,
176511953,17181745,Isophya rhodopensis ssp. leonorae,5.3.4,Unintentional effects: (large scale) [harvest],1.1|1.2,Ecosystem conversion|Ecosystem degradation,,,,Unknown,"Slow, Significant Declines",,Unknown,
176825250,17046338,Orchamus kaltenbachi,7.1.3,Trend Unknown/Unrecorded,1.2|2.1,Ecosystem degradation|Species mortality,,,,Unknown,Unknown,,Ongoing,
176825250,17046338,Orchamus kaltenbachi,5.3.3,Unintentional effects: (subsistence/small scale) [harvest],1.2,Ecosystem degradation,,,,Unknown,"Slow, Significant Declines",,Ongoing,
176958611,17181904,Poecilimon artedentatus,2.3.2,"Small-holder grazing, ranching or farming",1.2|2.1,Ecosystem degradation|Species mortality,,,,Minority (<50%),Unknown,,Ongoing,
176958611,17181904,Poecilimon artedentatus,7.1.3,Trend Unknown/Unrecorded,1.2|2.1,Ecosystem degradation|Species mortality,,,,Minority (<50%),Unknown,,"Past, Likely to Return",
176958611,17181904,Poecilimon artedentatus,2.1.2,Small-holder farming,1.1|1.2|2.1|2.2,Ecosystem conversion|Ecosystem degradation|Species mortality|Species disturbance,,,,Minority (<50%),Unknown,,Ongoing,
176958611,17181904,Poecilimon artedentatus,5.3.3,Unintentional effects: (subsistence/small scale) [harvest],1.2|2.1,Ecosystem degradation|Species mortality,,,,Minority (<50%),Negligible declines,,Ongoing,
177074359,47251891,Purpuricenus schurmanni,7.1.3,Trend Unknown/Unrecorded,1.1|1.2,Ecosystem conversion|Ecosystem degradation,,,,Unknown,Unknown,,Ongoing,
177074359,47251891,Purpuricenus schurmanni,5.3.3,Unintentional effects: (subsistence/small scale) [harvest],1.1|1.2,Ecosystem conversion|Ecosystem degradation,,,,Unknown,Unknown,,Unknown,
177253381,157580,Triplax emgei,7.1.1,Increase in fire frequency/intensity,1.2,Ecosystem degradation,,,,Unknown,Unknown,,Ongoing,
177253381,157580,Triplax emgei,2.3.2,"Small-holder grazing, ranching or farming",1.1|1.2,Ecosystem conversion|Ecosystem degradation,,,,Unknown,Unknown,,Ongoing,
177253381,157580,Triplax emgei,5.3.3,Unintentional effects: (subsistence/small scale) [harvest],1.1|1.2|2.1|2.2,Ecosystem conversion|Ecosystem degradation|Species mortality|Species disturbance,,,,Unknown,Unknown,,Ongoing,
177253381,157580,Triplax emgei,5.3.4,Unintentional effects: (large scale) [harvest],1.1|1.2|2.1|2.2,Ecosystem conversion|Ecosystem degradation|Species mortality|Species disturbance,,,,Unknown,Unknown,,Ongoing,
188013205,63226,Cordulegaster helladica ssp. buchholzi,9.3.4,Type Unknown/Unrecorded,1.2,Ecosystem degradation,,,,,,,Ongoing,
188013205,63226,Cordulegaster helladica ssp. buchholzi,11.2,Droughts,1.2,Ecosystem degradation,,,,,,,Ongoing,
188013205,63226,Cordulegaster helladica ssp. buchholzi,7.1.3,Trend Unknown/Unrecorded,1.2,Ecosystem degradation,,,,,,,Ongoing,
188013205,63226,Cordulegaster helladica ssp. buchholzi,7.2.8,Abstraction of ground water (unknown use),1.2,Ecosystem degradation,,,,,,,Ongoing,
188013205,63226,Cordulegaster helladica ssp. buchholzi,9.1.3,Type Unknown/Unrecorded,1.2,Ecosystem degradation,,,,,,,Ongoing,
188016479,165533,Cordulegaster helladica ssp. helladica,9.3.4,Type Unknown/Unrecorded,1.2,Ecosystem degradation,,,,,,,Future,
188016479,165533,Cordulegaster helladica ssp. helladica,11.2,Droughts,1.2,Ecosystem degradation,,,,,,,Ongoing,
188016479,165533,Cordulegaster helladica ssp. helladica,7.1.3,Trend Unknown/Unrecorded,1.2,Ecosystem degradation,,,,,,,Ongoing,
188016479,165533,Cordulegaster helladica ssp. helladica,7.2.8,Abstraction of ground water (unknown use),1.2,Ecosystem degradation,,,,,,,Ongoing,
188016479,165533,Cordulegaster helladica ssp. helladica,9.1.3,Type Unknown/Unrecorded,1.2,Ecosystem degradation,,,,,,,Future,
188016479,165533,Cordulegaster helladica ssp. helladica,2.2.1,Small-holder plantations,1.1|1.2,Ecosystem conversion|Ecosystem degradation,,,,,,,Future,
188016479,165533,Cordulegaster helladica ssp. helladica,2.2.2,Agro-industry plantations,1.1|1.2,Ecosystem conversion|Ecosystem degradation,,,,,,,Future,
188016479,165533,Cordulegaster helladica ssp. helladica,7.2.11,Dams (size unknown),1.1|1.2,Ecosystem conversion|Ecosystem degradation,,,,,,,Ongoing,
188019481,63227,Cordulegaster helladica ssp. kastalia,11.2,Droughts,1.2,Ecosystem degradation,,,,,,,Future,
188019481,63227,Cordulegaster helladica ssp. kastalia,7.1.3,Trend Unknown/Unrecorded,1.2,Ecosystem degradation,,,,,,,Ongoing,
188019481,63227,Cordulegaster helladica ssp. kastalia,7.2.8,Abstraction of ground water (unknown use),1.2,Ecosystem degradation,,,,,,,Ongoing,
188019481,63227,Cordulegaster helladica ssp. kastalia,7.3,Other ecosystem modifications,1.2,Ecosystem degradation,,,,,,,Future,
149163467,149163465,Katara connexa,7.1.3,Trend Unknown/Unrecorded,1.1|1.2,Ecosystem conversion|Ecosystem degradation,,,,,,,Ongoing,
149163467,149163465,Katara connexa,1.3,Tourism & recreation areas,1.1,Ecosystem conversion,,,,,,,Ongoing,
149163467,149163465,Katara connexa,2.3.2,"Small-holder grazing, ranching or farming",1.1,Ecosystem conversion,,,,,,,Ongoing,
149163467,149163465,Katara connexa,2.3.1,Nomadic grazing,1.1,Ecosystem conversion,,,,,,,Ongoing,
149164125,149164123,Cheilosia katara,1.3,Tourism & recreation areas,1.1|1.2|2.2,Ecosystem conversion|Ecosystem degradation|Species disturbance,,,,Whole (>90%),Unknown,,Ongoing,
149164125,149164123,Cheilosia katara,4.1,Roads & railroads,1.1|1.2|2.2,Ecosystem conversion|Ecosystem degradation|Species disturbance,,,,Whole (>90%),,,Ongoing,
149164125,149164123,Cheilosia katara,2.2.3,Scale Unknown/Unrecorded,1.1|1.2,Ecosystem conversion|Ecosystem degradation,,,,Whole (>90%),Unknown,,Ongoing,
149164125,149164123,Cheilosia katara,2.3.4,Scale Unknown/Unrecorded,1.1|1.2,Ecosystem conversion|Ecosystem degradation,,,,,,,Ongoing,
149164628,149164626,Xanthogramma pilosum,1.3,Tourism & recreation areas,1.1,Ecosystem conversion,,,,Unknown,Unknown,,Ongoing,
149164628,149164626,Xanthogramma pilosum,7.1.1,Increase in fire frequency/intensity,1.1|1.2,Ecosystem conversion|Ecosystem degradation,,,,Unknown,Unknown,,Ongoing,
149164628,149164626,Xanthogramma pilosum,7.3,Other ecosystem modifications,1.2,Ecosystem degradation,,,,Unknown,Unknown,,Future,
149164662,149164659,Xanthogramma aeginae,6.1,Recreational activities,1.2,Ecosystem degradation,,,,Unknown,Unknown,,Ongoing,
149164662,149164659,Xanthogramma aeginae,1.3,Tourism & recreation areas,1.1,Ecosystem conversion,,,,Unknown,Unknown,,Ongoing,
149164662,149164659,Xanthogramma aeginae,7.1.1,Increase in fire frequency/intensity,1.1|1.2,Ecosystem conversion|Ecosystem degradation,,,,Unknown,Unknown,,Ongoing,
149165034,149165032,Merodon peloponnesius,1.3,Tourism & recreation areas,1.2,Ecosystem degradation,,,,Majority (50-90%),Unknown,,Ongoing,
149165034,149165032,Merodon peloponnesius,1.1,Housing & urban areas,1.2,Ecosystem degradation,,,,Majority (50-90%),Unknown,,Ongoing,
149165034,149165032,Merodon peloponnesius,7.1.3,Trend Unknown/Unrecorded,1.2|2.2,Ecosystem degradation|Species disturbance,,,,Majority (50-90%),Unknown,,Ongoing,
149165102,149165099,Merodon nisi,1.3,Tourism & recreation areas,1.2|2.2|2.3.4|2.3.7,Ecosystem degradation|Species disturbance|Loss of pollinator|Reduced reproductive success,,,,Minority (<50%),Causing/Could cause fluctuations,,Ongoing,
149165102,149165099,Merodon nisi,7.1.3,Trend Unknown/Unrecorded,1.2|1.3|2.1|2.2|2.3.4|2.3.7,Ecosystem degradation|Indirect ecosystem effects|Species mortality|Species disturbance|Loss of pollinator|Reduced reproductive success,,,,Majority (50-90%),Rapid Declines,,Ongoing,
149165102,149165099,Merodon nisi,2.3.4,Scale Unknown/Unrecorded,1.1|1.2|2.2|2.3.4|2.3.7,Ecosystem conversion|Ecosystem degradation|Species disturbance|Loss of pollinator|Reduced reproductive success,,,,Majority (50-90%),"Slow, Significant Declines",,Ongoing,
149165102,149165099,Merodon nisi,11.1,Habitat shifting & alteration,1.1|2.2|2.3.4|2.3.7,Ecosystem conversion|Species disturbance|Loss of pollinator|Reduced reproductive success,,,,Majority (50-90%),"Slow, Significant Declines",,Ongoing,
149165216,149165213,Merodon naxius,11.5,Other impacts,1.2|2.2|2.3.4|2.3.7,Ecosystem degradation|Species disturbance|Loss of pollinator|Reduced reproductive success,,,,Minority (<50%),"Slow, Significant Declines",,Ongoing,
149165216,149165213,Merodon naxius,2.3.4,Scale Unknown/Unrecorded,1.1|2.2|2.3.4|2.3.7,Ecosystem conversion|Species disturbance|Loss of pollinator|Reduced reproductive success,,,,Majority (50-90%),Rapid Declines,,Ongoing,
149165216,149165213,Merodon naxius,9.3.2,"Soil erosion, sedimentation",1.2|2.1|2.3.4|2.3.7,Ecosystem degradation|Species mortality|Loss of pollinator|Reduced reproductive success,,,,Majority (50-90%),Rapid Declines,,Ongoing,
149165324,149165322,Merodon megavidus,7.1.3,Trend Unknown/Unrecorded,1.2|1.3|2.1|2.2|2.3.4|2.3.7,Ecosystem degradation|Indirect ecosystem effects|Species mortality|Species disturbance|Loss of pollinator|Reduced reproductive success,,,,Minority (<50%),"Slow, Significant Declines",,Ongoing,
149165324,149165322,Merodon megavidus,2.3.4,Scale Unknown/Unrecorded,1.2|2.2|2.3.4|2.3.7,Ecosystem degradation|Species disturbance|Loss of pollinator|Reduced reproductive success,,,,Majority (50-90%),Rapid Declines,,Ongoing,
149165324,149165322,Merodon megavidus,11.1,Habitat shifting & alteration,1.2|2.2|2.3.4|2.3.7,Ecosystem degradation|Species disturbance|Loss of pollinator|Reduced reproductive success,,,,Majority (50-90%),"Slow, Significant Declines",,Ongoing,
149165632,149165628,Brachyopa minima,2.3.2,"Small-holder grazing, ranching or farming",1.2|2.1|2.3.7,Ecosystem degradation|Species mortality|Reduced reproductive success,,,,Majority (50-90%),"Slow, Significant Declines",,Ongoing,
149165632,149165628,Brachyopa minima,7.1.1,Increase in fire frequency/intensity,1.2,Ecosystem degradation,,,,Unknown,Unknown,,Ongoing,
149165632,149165628,Brachyopa minima,5.3.5,Motivation Unknown/Unrecorded,1.2|2.3.7,Ecosystem degradation|Reduced reproductive success,,,,Majority (50-90%),Causing/Could cause fluctuations,,Ongoing,
149167059,149167049,Eumerus rubrum,1.3,Tourism & recreation areas,1.2|2.2,Ecosystem degradation|Species disturbance,,,,Whole (>90%),Unknown,,Ongoing,
149167059,149167049,Eumerus rubrum,2.3.1,Nomadic grazing,1.2,Ecosystem degradation,,,,Whole (>90%),Unknown,,Ongoing,
149167142,149167140,Eumerus minotaurus,7.1.3,Trend Unknown/Unrecorded,1.2|2.1|2.2,Ecosystem degradation|Species mortality|Species disturbance,,,,Unknown,Unknown,,Ongoing,
149167142,149167140,Eumerus minotaurus,1.3,Tourism & recreation areas,1.1|1.2|2.2,Ecosystem conversion|Ecosystem degradation|Species disturbance,,,,Unknown,Unknown,,Ongoing,
149167142,149167140,Eumerus minotaurus,4.1,Roads & railroads,1.1|1.2,Ecosystem conversion|Ecosystem degradation,,,,Unknown,Unknown,,Ongoing,
149167142,149167140,Eumerus minotaurus,2.3.4,Scale Unknown/Unrecorded,1.1|1.2|2.2,Ecosystem conversion|Ecosystem degradation|Species disturbance,,,,Unknown,Unknown,,Ongoing,
149167758,149167756,Merodon erymanthius,2.3.1,Nomadic grazing,1.1|1.2,Ecosystem conversion|Ecosystem degradation,,,,Majority (50-90%),Unknown,,Ongoing,
149167758,149167756,Merodon erymanthius,4.1,Roads & railroads,1.1|1.2,Ecosystem conversion|Ecosystem degradation,,,,Unknown,Unknown,,Ongoing,
149167758,149167756,Merodon erymanthius,1.3,Tourism & recreation areas,1.2,Ecosystem degradation,,,,Unknown,Unknown,,Ongoing,
149167758,149167756,Merodon erymanthius,7.1.3,Trend Unknown/Unrecorded,1.2,Ecosystem degradation,,,,Unknown,Unknown,,Ongoing,
149167960,149167955,Merodon andriotes,7.1.1,Increase in fire frequency/intensity,1.2|2.1|2.2,Ecosystem degradation|Species mortality|Species disturbance,,,,Unknown,Unknown,,Ongoing,
149167960,149167955,Merodon andriotes,1.3,Tourism & recreation areas,1.2|2.2,Ecosystem degradation|Species disturbance,,,,Majority (50-90%),Unknown,,Ongoing,
149167960,149167955,Merodon andriotes,4.1,Roads & railroads,1.2|2.2,Ecosystem degradation|Species disturbance,,,,Minority (<50%),Unknown,,Ongoing,
149167960,149167955,Merodon andriotes,2.3.1,Nomadic grazing,1.2|2.2,Ecosystem degradation|Species disturbance,,,,Whole (>90%),Unknown,,Ongoing,
149167960,149167955,Merodon andriotes,2.3.2,"Small-holder grazing, ranching or farming",1.2|2.2,Ecosystem degradation|Species disturbance,,,,Whole (>90%),Unknown,,Ongoing,
149168283,149168281,Merodon caerulescens,6.1,Recreational activities,1.2|2.2,Ecosystem degradation|Species disturbance,,,,Minority (<50%),Unknown,,Ongoing,
149168283,149168281,Merodon caerulescens,1.3,Tourism & recreation areas,1.2|2.2,Ecosystem degradation|Species disturbance,,,,Minority (<50%),Unknown,,Ongoing,
149168283,149168281,Merodon caerulescens,4.1,Roads & railroads,1.2|2.2,Ecosystem degradation|Species disturbance,,,,Minority (<50%),Unknown,,Ongoing,
149168283,149168281,Merodon caerulescens,2.3.2,"Small-holder grazing, ranching or farming",1.2|2.2,Ecosystem degradation|Species disturbance,,,,Majority (50-90%),Unknown,,Ongoing,
149168283,149168281,Merodon caerulescens,2.3.1,Nomadic grazing,1.2|2.2,Ecosystem degradation|Species disturbance,,,,Majority (50-90%),Unknown,,Ongoing,
149168283,149168281,Merodon caerulescens,7.1.3,Trend Unknown/Unrecorded,1.2|2.1|2.2,Ecosystem degradation|Species mortality|Species disturbance,,,,Minority (<50%),Unknown,,Ongoing,
149168283,149168281,Merodon caerulescens,9.3.2,"Soil erosion, sedimentation",1.2|2.2,Ecosystem degradation|Species disturbance,,,,Minority (<50%),Unknown,,Ongoing,
149170438,149170436,Eumerus karyates,2.3.1,Nomadic grazing,1.2|2.2,Ecosystem degradation|Species disturbance,,,,Whole (>90%),Unknown,,Ongoing,
149171302,149171300,Brachyopa vernalis,7.1.1,Increase in fire frequency/intensity,1.2,Ecosystem degradation,,,,Unknown,Unknown,,Ongoing,
149171302,149171300,Brachyopa vernalis,5.3.5,Motivation Unknown/Unrecorded,1.2,Ecosystem degradation,,,,Unknown,Unknown,,Ongoing,
149171302,149171300,Brachyopa vernalis,2.3.4,Scale Unknown/Unrecorded,1.2,Ecosystem degradation,,,,Unknown,Unknown,,Ongoing,
149171302,149171300,Brachyopa vernalis,11.2,Droughts,1.2,Ecosystem degradation,,,,Unknown,Unknown,,Ongoing,
149171302,149171300,Brachyopa vernalis,11.3,Temperature extremes,1.2,Ecosystem degradation,,,,Unknown,Unknown,,Ongoing,
172768416,172768413,Merodon confinium,2.3.1,Nomadic grazing,1.2|2.2,Ecosystem degradation|Species disturbance,,,,Majority (50-90%),Unknown,,Ongoing,
172768416,172768413,Merodon confinium,4.1,Roads & railroads,1.2|2.2,Ecosystem degradation|Species disturbance,,,,Minority (<50%),Unknown,,Ongoing,
172768416,172768413,Merodon confinium,1.3,Tourism & recreation areas,1.2|2.2,Ecosystem degradation|Species disturbance,,,,Majority (50-90%),Unknown,,Ongoing,
172768416,172768413,Merodon confinium,7.1.3,Trend Unknown/Unrecorded,1.2|2.1|2.2,Ecosystem degradation|Species mortality|Species disturbance,,,,Unknown,Unknown,,Ongoing,
172768523,172768520,Merodon spineus,1.3,Tourism & recreation areas,1.2,Ecosystem degradation,,,,Unknown,Unknown,,Ongoing,
172768523,172768520,Merodon spineus,7.1.3,Trend Unknown/Unrecorded,1.2|2.2,Ecosystem degradation|Species disturbance,,,,Unknown,Unknown,,Ongoing,
172768523,172768520,Merodon spineus,2.3.1,Nomadic grazing,1.2|2.2,Ecosystem degradation|Species disturbance,,,,Unknown,Unknown,,Ongoing,
179993092,175944745,Merodon medium,2.3.1,Nomadic grazing,1.1|1.2,Ecosystem conversion|Ecosystem degradation,,,,Unknown,Unknown,,Ongoing,
179993092,175944745,Merodon medium,1.3,Tourism & recreation areas,1.2,Ecosystem degradation,,,,Unknown,Unknown,,Ongoing,
179993092,175944745,Merodon medium,7.1.1,Increase in fire frequency/intensity,1.2,Ecosystem degradation,,,,Majority (50-90%),Unknown,,Ongoing,
179993389,175944635,Merodon olympius,7.1.3,Trend Unknown/Unrecorded,1.2|1.3|2.1|2.2|2.3.4|2.3.7,Ecosystem degradation|Indirect ecosystem effects|Species mortality|Species disturbance|Loss of pollinator|Reduced reproductive success,,,,Minority (<50%),"Slow, Significant Declines",,Ongoing,
179993389,175944635,Merodon olympius,2.3.1,Nomadic grazing,1.1|2.2|2.3.4|2.3.7,Ecosystem conversion|Species disturbance|Loss of pollinator|Reduced reproductive success,,,,Majority (50-90%),"Slow, Significant Declines",,Ongoing,
179993389,175944635,Merodon olympius,6.1,Recreational activities,1.2|2.2|2.3.4|2.3.7,Ecosystem degradation|Species disturbance|Loss of pollinator|Reduced reproductive success,,,,Minority (<50%),Causing/Could cause fluctuations,,Ongoing,
179993901,175922919,Merodon atricapillatus,2.3.4,Scale Unknown/Unrecorded,1.2|2.2,Ecosystem degradation|Species disturbance,,,,Whole (>90%),Unknown,,Ongoing,
179993901,175922919,Merodon atricapillatus,7.1.3,Trend Unknown/Unrecorded,1.1|2.2,Ecosystem conversion|Species disturbance,,,,Whole (>90%),Unknown,,Ongoing,
179993994,175923879,Merodon rojoi,4.1,Roads & railroads,1.2,Ecosystem degradation,,,,Unknown,Unknown,,Ongoing,
179993994,175923879,Merodon rojoi,1.3,Tourism & recreation areas,1.2,Ecosystem degradation,,,,Unknown,Unknown,,Ongoing,
179993994,175923879,Merodon rojoi,7.1.3,Trend Unknown/Unrecorded,1.2|2.2,Ecosystem degradation|Species disturbance,,,,Unknown,Unknown,,Ongoing,
179993994,175923879,Merodon rojoi,2.3.1,Nomadic grazing,1.2|2.2,Ecosystem degradation|Species disturbance,,,,Unknown,Unknown,,Ongoing,
194174834,194174678,Paragus thracusi,1.1,Housing & urban areas,1.1|1.2,Ecosystem conversion|Ecosystem degradation,,,,Unknown,Unknown,,Ongoing,
194174834,194174678,Paragus thracusi,2.1.4,Scale Unknown/Unrecorded,1.1,Ecosystem conversion,,,,Unknown,Unknown,,Ongoing,
194174834,194174678,Paragus thracusi,9.3.4,Type Unknown/Unrecorded,1.2,Ecosystem degradation,,,,Unknown,Unknown,,Ongoing,
194174834,194174678,Paragus thracusi,9.1.3,Type Unknown/Unrecorded,1.2,Ecosystem degradation,,,,Unknown,Unknown,,Ongoing,
