internalTaxonId,scientificName,name,language,main
173805983,Enallagma cyathigerum,Common Bluet,English,false
173805983,Enallagma cyathigerum,Agrion Enallagma,Spanish; Castilian,false
173805983,Enallagma cyathigerum,Agrion Porte-Coupe,French,false
173805983,Enallagma cyathigerum,Azzurrina portacalice,Italian,false
173805983,Enallagma cyathigerum,Bleščeči zmotec,Slovenian,false
173805983,Enallagma cyathigerum,Gemeine Becherjungfer,German,false
173805983,Enallagma cyathigerum,L’agrion Porte-coupe,French,false
173805983,Enallagma cyathigerum,Patge de copa,Catalan; Valencian,false
173805983,Enallagma cyathigerum,Plavetna devica,Serbian,false
173805983,Enallagma cyathigerum,Plavetna kosjenka,Croatian,false
173805983,Enallagma cyathigerum,Sjöflickslända,Swedish,false
173805983,Enallagma cyathigerum,Tigrasti plavac,Bosnian,false
173805983,Enallagma cyathigerum,Watersnuffel,Dutch; Flemish,false
173805983,Enallagma cyathigerum,Common Blue Damselfly,English,true
165512,Sympetrum depressiusculum,Cardinale padano,Italian,false
165512,Sympetrum depressiusculum,Hedhësi me njolla,Albanian,false
165512,Sympetrum depressiusculum,Kempense heidelibel,Dutch; Flemish,false
165512,Sympetrum depressiusculum,Mali crnonogi poljski konjic,Serbian,false
165512,Sympetrum depressiusculum,Močvarni strijelac,Croatian,false
165512,Sympetrum depressiusculum,Stasiti kamenjak,Slovenian,false
165512,Sympetrum depressiusculum,Sumpf-Heidelibelle,German,false
165512,Sympetrum depressiusculum,Sympétrum Déprimé,French,false
165512,Sympetrum depressiusculum,Spotted Darter,English,true
169975,Palinurus elephas,European Spiny Lobster,English,false
169975,Palinurus elephas,Common Spiny Lobster,English,true
174425,Maniola halicarnassus,Thomson's Meadow Brown,English,false
174425,Maniola halicarnassus,Halikarnas Esmeri ,Turkish,false
174425,Maniola halicarnassus,Halicarnas Brown,English,true
196248,Hasarius adansoni,adanson’s house jumper,English,false
196248,Hasarius adansoni,Adanson's House Jumper,English,true
10713,Euphydryas maturna,Scarce Fritillary,English,true
12433,Lycaena dispar,Large Copper,English,true
12659,Phengaris arion,Large Blue,English,false
153648,Pacifastacus leniusculus,Columbia River Signal Crayfish,English,false
153648,Pacifastacus leniusculus,Klamath Signal Crayfish,English,false
153648,Pacifastacus leniusculus,Signal Crayfish,English,true
157800,Ampedus cardinalis,Cardinal Click Beetle,English,true
160251,Pontia daplidice,Blanquiverdosa,Spanish; Castilian,false
160251,Pontia daplidice,Grönfläcking Kälfjäril,Swedish,false
160251,Pontia daplidice,La Marbré-de-vert,French,false
160251,Pontia daplidice,La Piéride De Réséda,French,false
160251,Pontia daplidice,Resedafalter,German,false
160251,Pontia daplidice,Bath White,English,true
160360,Hipparchia statilinus,Eisenfarbiger,German,false
160360,Hipparchia statilinus,Le faune,French,false
160360,Hipparchia statilinus,Samtfalter,German,false
160360,Hipparchia statilinus,Satiro moreno,Spanish; Castilian,false
160360,Hipparchia statilinus,Vitbandad Gräsfjäril,Swedish,false
160360,Hipparchia statilinus,Tree Grayling,English,true
160590,Erebia cassioides,Common Brassy Ringlet,English,true
165463,Anax immaculifrons,Beekkeizerlibel,Dutch; Flemish,false
165463,Anax immaculifrons,ćelavi carević,Serbian,false
165463,Anax immaculifrons,Indische Königslibelle,German,false
165463,Anax immaculifrons,Magnificent Emperor,English,true
169949,Scyllarus arctus,Small European Locust Lobster ,English,true
169983,Scyllarides latus,Cigarra,Spanish; Castilian,false
169983,Scyllarides latus,Grandecigale,French,false
169983,Scyllarides latus,Mediterranean Slipper Lobster,English,true
170056,Scyllarus pygmaeus,Pygmy Locust Lobster,English,true
171925,Archon apollinus,False Apollo,English,true
173209,Hipparchia fagi,Woodland Grayling,English,true
173211,Lysandra coridon,Chalkhill Blue,English,false
173233,Hipparchia volgensis,Delattin’s Grayling,English,true
173234,Erebia rhodopensis,Nicholl’s Ringlet,English,true
173246,Erebia oeme,Bright-eyed Ringlet,English,true
173281,Coenonympha orientalis,Balkan Heath,English,true
173284,Erebia epiphron,Mountain Ringlet,English,true
173295,Polyommatus nephohiptamenos,Higgins’s Anomalous Blue,English,false
173296,Coenonympha rhodopensis,Eastern Large Heath,English,true
173302,Pseudochazara orestes,Dils’ Grayling,English,true
173311,Polyommatus aroaniensis,Grecian Anomalous Blue,English,false
173313,Pieris balcana,Balkan Green-veined White,English,false
173314,Erebia melas,Black Ringlet,English,true
18366,Proserpinus proserpina,Willowherb Hawkmoth,English,false
19743,Rosalia alpina,Rosalia Longicorn,English,false
2191,Astacus astacus,Broad-clawed Crayfish,English,false
2191,Astacus astacus,Broad-fingered Crayfish,English,false
2191,Astacus astacus,European Crayfish,English,false
2191,Astacus astacus,Red-clawed Crayfish,English,false
2191,Astacus astacus,Red-footed Crayfish,English,false
2191,Astacus astacus,River Crayfish,English,false
2191,Astacus astacus,Écrevisse á Pattes Rouges,French,false
2191,Astacus astacus,Écrevisse Fluviatile,French,false
2191,Astacus astacus,Écrevisse Noble,French,false
2191,Astacus astacus,Gambero dai Piedi Rossi,Italian,false
2191,Astacus astacus,Noble Crayfish,English,true
3845,Carabus intricatus,Blue Ground Beetle,English,true
39486,Lycaena ottomana,Grecian Copper,English,false
165460,Lindenia tetraphylla,Bladetail,English,false
165460,Lindenia tetraphylla,jezerski regoč,Croatian,false
165460,Lindenia tetraphylla,Lindenia,Italian,false
165460,Lindenia tetraphylla,Seedrache,German,false
165460,Lindenia tetraphylla,Vaandeldrager,Dutch; Flemish,false
165460,Lindenia tetraphylla,velika peščenka,Slovenian,false
165460,Lindenia tetraphylla,veliki razroki konjic,Serbian,false
17046301,Dolichopoda remyi,Remy's Cave-cricket,English,true
17046314,Dolichopoda hussoni,Naoussa Cave-cricket,English,true
165506,Orthetrum taeniolatum,Kleine oeverlibel,Dutch; Flemish,false
165506,Orthetrum taeniolatum,mali hitri konjic,Serbian,false
165506,Orthetrum taeniolatum,Zierlicher Blaupfeil,German,false
165506,Orthetrum taeniolatum,Small Skimmer,English,true
165471,Selysiothemis nigra,Freccianera,Italian,false
165471,Selysiothemis nigra,Gallardet negre,Catalan; Valencian,false
165471,Selysiothemis nigra,Libélula papúa,Spanish; Castilian,false
165471,Selysiothemis nigra,paška čipkica,Croatian,false
165471,Selysiothemis nigra,primorski vranac,Serbian,false
165471,Selysiothemis nigra,temni slaniščar,Slovenian,false
165471,Selysiothemis nigra,Teufelchen,German,false
165471,Selysiothemis nigra,Windvaantje,Dutch; Flemish,false
165471,Selysiothemis nigra,Black Pennant,English,true
60038,Sympetrum fonscolombii,Cardinale venerosse,Italian,false
60038,Sympetrum fonscolombii,Frühe Heidelibelle,German,false
60038,Sympetrum fonscolombii,Libélula de Fonscolombe,Spanish; Castilian,false
60038,Sympetrum fonscolombii,malinovordeči kamenjak,Slovenian,false
60038,Sympetrum fonscolombii,Pixaví nervat,Catalan; Valencian,false
60038,Sympetrum fonscolombii,plavooki poljski konjic,Serbian,false
60038,Sympetrum fonscolombii,Sympétrum de Fonscolombe,French,false
60038,Sympetrum fonscolombii,Vandrande ängstrollslända,Swedish,false
60038,Sympetrum fonscolombii,žućkasti strijelac,Croatian,false
60038,Sympetrum fonscolombii,Zwervende heidelibel,Dutch; Flemish,false
60038,Sympetrum fonscolombii,Red-veined Darter,English,true
16084525,Oropodisma chelmosi,Chelmos Mountain Grasshopper,English,true
16084523,Oropodisma willemsei,Willemse's Mountain Grasshopper,English,true
16084420,Oropodisma karavica,Karavica Mountain Grasshopper,English,true
165489,Onychogomphus forcipatus,Small Pincertail,English,false
165489,Onychogomphus forcipatus,Alguacil-pinzas,Spanish; Castilian,false
165489,Onychogomphus forcipatus,bledi peščenec,Slovenian,false
165489,Onychogomphus forcipatus,Gomphe à forceps,French,false
165489,Onychogomphus forcipatus,Gomphe à pinces,French,false
165489,Onychogomphus forcipatus,Gonfo forcipato,Italian,false
165489,Onychogomphus forcipatus,Kleine tanglibel,Dutch; Flemish,false
165489,Onychogomphus forcipatus,Kleine Zangenlibelle,German,false
165489,Onychogomphus forcipatus,potočni regoč,Croatian,false
165489,Onychogomphus forcipatus,sprudni razroki konjic,Serbian,false
165489,Onychogomphus forcipatus,Stenflodtrollslända,Swedish,false
165489,Onychogomphus forcipatus,Tallanassos petit,Catalan; Valencian,false
165489,Onychogomphus forcipatus,Green-eyed Hooktail,English,true
165514,Brachytron pratense,Aeschne printanière,French,false
165514,Brachytron pratense,Dragone peloso,Italian,false
165514,Brachytron pratense,Esna primaveral,Spanish; Castilian,false
165514,Brachytron pratense,Estiracabells,Catalan; Valencian,false
165514,Brachytron pratense,Früher Schilfjäger,German,false
165514,Brachytron pratense,Glassnijder,Dutch; Flemish,false
165514,Brachytron pratense,prolećni knežević,Serbian,false
165514,Brachytron pratense,proljetni kraljević,Croatian,false
165514,Brachytron pratense,Tidig mosaikslända,Swedish,false
165514,Brachytron pratense,zgodnji trstničar,Slovenian,false
165514,Brachytron pratense,Hairy Hawker,English,true
165467,Caliaeschna microstigma,Eastern Spectre,English,false
165467,Caliaeschna microstigma,Bledi vetrnjak,Slovenian,false
165467,Caliaeschna microstigma,Južni ban,Bosnian,false
165467,Caliaeschna microstigma,Konavoski knez,Croatian,false
165467,Caliaeschna microstigma,Lugati i lindjes,Albanian,false
165467,Caliaeschna microstigma,Primorski plemić,Serbian,false
165467,Caliaeschna microstigma,Schaduwlibel,Dutch; Flemish,false
165467,Caliaeschna microstigma,Schattenlibelle,German,false
165467,Caliaeschna microstigma,Речен пъстролет,Bulgarian,false
165520,Coenagrion ornatum,Agrion Orné,French,false
165520,Coenagrion ornatum,Azzurrina balcanica,Italian,false
165520,Coenagrion ornatum,Istočna vodendjevojčica,Croatian,false
165520,Coenagrion ornatum,Koščični škratec,Slovenian,false
165520,Coenagrion ornatum,Pilivesa e zbukuruar,Albanian,false
165520,Coenagrion ornatum,Potočni plavac,Bosnian,false
165520,Coenagrion ornatum,Trozuba plava devica,Serbian,false
165520,Coenagrion ornatum,Vogel-Azurjungfer,German,false
165520,Coenagrion ornatum,Vogelwaterjuffer,Dutch; Flemish,false
165520,Coenagrion ornatum,Ornate Bluet,English,true
165484,Coenagrion pulchellum,Agrion Joli,French,false
165484,Coenagrion pulchellum,Agrion variable,Spanish; Castilian,false
165484,Coenagrion pulchellum,Azzurrina variabile,Italian,false
165484,Coenagrion pulchellum,Donzell de ratpenat,Catalan; Valencian,false
165484,Coenagrion pulchellum,Fledermaus-Azurjungfer,German,false
165484,Coenagrion pulchellum,ljupka vodendjevojčica,Croatian,false
165484,Coenagrion pulchellum,Mörk lyrflickslända,Swedish,false
165484,Coenagrion pulchellum,peharasta plava devica,Serbian,false
165484,Coenagrion pulchellum,suhljati škratec,Slovenian,false
165484,Coenagrion pulchellum,Variabele waterjuffer,Dutch; Flemish,false
165484,Coenagrion pulchellum,Variable Bluet,English,true
165502,Coenagrion scitulum,Agrion de charcas,Spanish; Castilian,false
165502,Coenagrion scitulum,Agrion Mignon,French,false
165502,Coenagrion scitulum,Azzurrina delicata,Italian,false
165502,Coenagrion scitulum,Donzell de trinxant,Catalan; Valencian,false
165502,Coenagrion scitulum,Gabel-Azurjungfer,German,false
165502,Coenagrion scitulum,Gaffelwaterjuffer,Dutch; Flemish,false
165502,Coenagrion scitulum,Mala plava devica,Serbian,false
165502,Coenagrion scitulum,Povodni škratec,Slovenian,false
165502,Coenagrion scitulum,Primorska vodendjevojčica,Croatian,false
165502,Coenagrion scitulum,Viljuškasti plavac,Bosnian,false
165502,Coenagrion scitulum,Dainty Bluet,English,true
165478,Erythromma viridulum,Small Redeye,English,false
165478,Erythromma viridulum,Agrion de ojos rojos,Spanish; Castilian,false
165478,Erythromma viridulum,Agrion Vert,French,false
165478,Erythromma viridulum,Kleine roodoogjuffer,Dutch; Flemish,false
165478,Erythromma viridulum,Kleines Granatauge,German,false
165478,Erythromma viridulum,mala crvenookica,Croatian,false
165478,Erythromma viridulum,mali rdečeokec,Slovenian,false
165478,Erythromma viridulum,Mindre rödögonflickslända,Swedish,false
165478,Erythromma viridulum,Naïade au corps vert,French,false
165478,Erythromma viridulum,Occhirossi minore,Italian,false
165478,Erythromma viridulum,Ullviu petit,Catalan; Valencian,false
165478,Erythromma viridulum,velika bistrooka devica,Serbian,false
165478,Erythromma viridulum,Small Red-eyed Damselfly,English,true
165525,Ischnura pumilio,Scarce Blue-tailed Damselfly,English,false
165525,Ischnura pumilio,Agrion menor,Spanish; Castilian,false
165525,Ischnura pumilio,Agrion Nain,French,false
165525,Ischnura pumilio,Bledi kresničar,Slovenian,false
165525,Ischnura pumilio,Codazzurra minore,Italian,false
165525,Ischnura pumilio,Kleine Pechlibelle,German,false
165525,Ischnura pumilio,Llantió petit,Catalan; Valencian,false
165525,Ischnura pumilio,Mala crnotrba devica,Serbian,false
165525,Ischnura pumilio,Mala mora,Croatian,false
165525,Ischnura pumilio,Mala plavorepka,Bosnian,false
165525,Ischnura pumilio,Mindre kustflickslända,Swedish,false
165525,Ischnura pumilio,Tengere grasjuffer,Dutch; Flemish,false
165525,Ischnura pumilio,Small Bluetail,English,true
165500,Pyrrhosoma nymphula,Caballito de fuego,Spanish; Castilian,false
165500,Pyrrhosoma nymphula,Ferrer camanegre,Catalan; Valencian,false
165500,Pyrrhosoma nymphula,Frühe Adonislibelle,German,false
165500,Pyrrhosoma nymphula,Ognjena devica,Serbian,false
165500,Pyrrhosoma nymphula,Petite Nymphe au Corps de Feu,French,false
165500,Pyrrhosoma nymphula,Punatytönkorento,Finnish,false
165500,Pyrrhosoma nymphula,Rana crvenka,Bosnian,false
165500,Pyrrhosoma nymphula,Rani plamenec,Slovenian,false
165500,Pyrrhosoma nymphula,Röd flickslända,Swedish,false
165500,Pyrrhosoma nymphula,Rød Vandnymfe,Danish,false
165500,Pyrrhosoma nymphula,Rødvannymfe,Norwegian,false
165500,Pyrrhosoma nymphula,Scintilla zampenere,Italian,false
165500,Pyrrhosoma nymphula,Smaragdna crvenka,Croatian,false
165500,Pyrrhosoma nymphula,Vuurjuffer,Dutch; Flemish,false
165500,Pyrrhosoma nymphula,Large Red Damsel,English,true
165507,Cordulegaster insignis,Blauwoog bronlibel,Dutch; Flemish,false
165507,Cordulegaster insignis,Türkische Quelljungfer,German,false
165507,Cordulegaster insignis,Blue-eyed Goldenring,English,true
165526,Cordulegaster picta,Cordulégastre Turc,French,false
165526,Cordulegaster picta,Gezeichnete Quelljungfer,German,false
165526,Cordulegaster picta,istočni konjic daždevnjak,Serbian,false
165526,Cordulegaster picta,južni potočar,Croatian,false
165526,Cordulegaster picta,rumeni studenčar,Slovenian,false
165526,Cordulegaster picta,Turkse bronlibel,Dutch; Flemish,false
165526,Cordulegaster picta,Turkish Goldenring,English,true
165485,Somatochlora flavomaculata,Cordulie à Taches Jaunes,French,false
165485,Somatochlora flavomaculata,Gefleckte Alpenlibelle,German,false
165485,Somatochlora flavomaculata,Gevlekte glanslibel,Dutch; Flemish,false
165485,Somatochlora flavomaculata,Gulfläckad glanstrollslända,Swedish,false
165485,Somatochlora flavomaculata,Pegasti lesketnik,Slovenian,false
165485,Somatochlora flavomaculata,Pegavi zeleni konjic,Serbian,false
165485,Somatochlora flavomaculata,Plitvička zelenka,Croatian,false
165485,Somatochlora flavomaculata,Smeralda maculata,Italian,false
165485,Somatochlora flavomaculata,Žutopjegi smaragd,Bosnian,false
165485,Somatochlora flavomaculata,Yellow-spotted Emerald,English,true
165494,Somatochlora meridionalis,Balkan-Smaragdlibelle,German,false
165494,Somatochlora meridionalis,Cordulie Méridionale,French,false
165494,Somatochlora meridionalis,Potočni smaragd,Bosnian,false
165494,Somatochlora meridionalis,Smeralda meridionale,Italian,false
165494,Somatochlora meridionalis,Sredozemna zelenka,Croatian,false
165494,Somatochlora meridionalis,Sredozemski lesketnik,Slovenian,false
165494,Somatochlora meridionalis,Šumski zeleni konjic,Serbian,false
165494,Somatochlora meridionalis,Zuidelijke glanslibel,Dutch; Flemish,false
165494,Somatochlora meridionalis,Balkan Emerald,English,true
165515,Epallage fatime,Blaue Orientjungfer,German,false
165515,Epallage fatime,Odalisque pruineuse,French,false
165515,Epallage fatime,Oriëntjuffer,Dutch; Flemish,false
165515,Epallage fatime,Odalisque,English,true
165466,Stylurus flavipes,Asiatische Keiljungfer,German,false
165466,Stylurus flavipes,Gomphe à Pattes Jaunes,French,false
165466,Stylurus flavipes,Gonfo zampegialle,Italian,false
165466,Stylurus flavipes,Riverrombout,Dutch; Flemish,false
165466,Stylurus flavipes,rumeni porečnik,Slovenian,false
165466,Stylurus flavipes,Större klubbtrollslända,Swedish,false
165466,Stylurus flavipes,žutonogi razroki konjic,Serbian,false
165466,Stylurus flavipes,River Clubtail,English,true
165523,Gomphus vulgatissimus,Club-tailed Dragonfly,English,false
165523,Gomphus vulgatissimus,Aitojokikorento,Finnish,false
165523,Gomphus vulgatissimus,Alguacil eurasiático,Spanish; Castilian,false
165523,Gomphus vulgatissimus,Almindelig Flodguldsmed,Danish,false
165523,Gomphus vulgatissimus,Beekrombout,Dutch; Flemish,false
165523,Gomphus vulgatissimus,crni regoč,Croatian,false
165523,Gomphus vulgatissimus,Gemeine Keiljungfer,German,false
165523,Gomphus vulgatissimus,Gomphe Vulgaire,French,false
165523,Gomphus vulgatissimus,Gonfo comune,Italian,false
165523,Gomphus vulgatissimus,Klubbeelvelibelle,Norwegian,false
165523,Gomphus vulgatissimus,običan razroki konjic,Serbian,false
165523,Gomphus vulgatissimus,popotni porečnik,Slovenian,false
165523,Gomphus vulgatissimus,Sandflodtrollslända,Swedish,false
165523,Gomphus vulgatissimus,Common Clubtail,English,true
165480,Lestes macrostigma,Dark Spreadwing,English,false
165480,Lestes macrostigma,Dunkle Binsenjungfer,German,false
165480,Lestes macrostigma,Grote pantserjuffer,Dutch; Flemish,false
165480,Lestes macrostigma,Južna zverca,Slovenian,false
165480,Lestes macrostigma,Krahëhapura zeshkane,Albanian,false
165480,Lestes macrostigma,Krahëhapura zeshkane,Albanian,false
165480,Lestes macrostigma,Leste à Grands Ptérostigmas,French,false
165480,Lestes macrostigma,Lestes oscuro,Spanish; Castilian,false
165480,Lestes macrostigma,Slana zelendjevica,Bosnian,false
165480,Lestes macrostigma,Tamna zelena devica,Serbian,false
165480,Lestes macrostigma,Velika zelendjevica,Croatian,false
165480,Lestes macrostigma,Verdina delle saline,Italian,false
165493,Chalcolestes parvidens,belorepa zelena devica,Serbian,false
165493,Chalcolestes parvidens,Istočna vrbina zelendjevica,Bosnian,false
165493,Chalcolestes parvidens,istočna vrbova djevica,Croatian,false
165493,Chalcolestes parvidens,Leste Vert Oriental,French,false
165493,Chalcolestes parvidens,Oostelijke houtpantserjuffer,Dutch; Flemish,false
165493,Chalcolestes parvidens,Östliche Weidenjungfer,German,false
165493,Chalcolestes parvidens,Östlig trädflickslända,Swedish,false
165493,Chalcolestes parvidens,presenetljiva pazverca,Slovenian,false
165493,Chalcolestes parvidens,Verdina orientale,Italian,false
165493,Chalcolestes parvidens,Eastern Willow Spreadwing,English,true
165475,Lestes sponsa,Alaestès fi,Catalan; Valencian,false
165475,Lestes sponsa,Barska zelendjevica,Bosnian,false
165475,Lestes sponsa,Gemeine Binsenjungfer,German,false
165475,Lestes sponsa,Gewone pantserjuffer,Dutch; Flemish,false
165475,Lestes sponsa,Gewone pantserjuffer,Dutch; Flemish,false
165475,Lestes sponsa,Krahëhapura e zakonshme,Albanian,false
165475,Lestes sponsa,Leste Fiancé,French,false
165475,Lestes sponsa,Lestes norteño,Spanish; Castilian,false
165475,Lestes sponsa,Mala dugorepa zelena devica,Serbian,false
165475,Lestes sponsa,Obvodna zverca,Slovenian,false
165475,Lestes sponsa,Pudrad smaragdflickslända,Swedish,false
165475,Lestes sponsa,Sjeverna zelendjevica,Croatian,false
165475,Lestes sponsa,Verdina boreale,Italian,false
165475,Lestes sponsa,Common Spreadwing,English,true
165492,Lestes virens,Small Spreadwing,English,false
165492,Lestes virens,Alaestès petit,Catalan; Valencian,false
165492,Lestes virens,Kleine Binsenjungfer,German,false
165492,Lestes virens,Lestes menor,Spanish; Castilian,false
165492,Lestes virens,Leste Verdoyant,French,false
165492,Lestes virens,Loška zverca,Slovenian,false
165492,Lestes virens,Mala zelena devica,Serbian,false
165492,Lestes virens,Mala zelendjevica,Bosnian,false
165492,Lestes virens,Mala zelendjevica,Croatian,false
165492,Lestes virens,Mindre smaragdflickslända,Swedish,false
165492,Lestes virens,Tengere pantserjuffer,Dutch; Flemish,false
165492,Lestes virens,Verdina minore,Italian,false
165492,Lestes virens,Small Emerald Spreadwing,English,true
165531,Libellula depressa,Bred trollslända,Swedish,false
165531,Libellula depressa,Libèl·lula ampla,Catalan; Valencian,false
165531,Libellula depressa,Libellula panciapiatta,Italian,false
165531,Libellula depressa,Libellule Déprimée,French,false
165531,Libellula depressa,Libélula plana,Spanish; Castilian,false
165531,Libellula depressa,Modri ploščec,Slovenian,false
165531,Libellula depressa,Platbuik,Dutch; Flemish,false
165531,Libellula depressa,Plattbauch,German,false
165531,Libellula depressa,Širokotrbi konjic,Bosnian,false
165531,Libellula depressa,Vilin konjic,Croatian,false
165531,Libellula depressa,Vilin konjic,Serbian,false
165531,Libellula depressa,Broad-Bodied Chaser,English,true
165496,Libellula fulva,Bruine korenbout,Dutch; Flemish,false
165496,Libellula fulva,črni ploščec,Slovenian,false
165496,Libellula fulva,Libèl·lula d'ulls grisos,Catalan; Valencian,false
165496,Libellula fulva,Libellula frontenera,Italian,false
165496,Libellula fulva,Libellule Fauve,French,false
165496,Libellula fulva,Libélula escasa,Spanish; Castilian,false
165496,Libellula fulva,plavooki vilin konjic,Serbian,false
165496,Libellula fulva,Spetsfläckad trollslända,Swedish,false
165496,Libellula fulva,Spitzenfleck,German,false
165496,Libellula fulva,vilin dorat,Croatian,false
165496,Libellula fulva,Blue Chaser,English,true
165510,Sympetrum meridionale,Cardinale meridionale,Italian,false
165510,Sympetrum meridionale,Hedhësi jugor,Albanian,false
165510,Sympetrum meridionale,Južni livadar,Bosnian,false
165510,Sympetrum meridionale,Južni strijelac,Croatian,false
165510,Sympetrum meridionale,Libélula meridional,Spanish; Castilian,false
165510,Sympetrum meridionale,Ljusröd ängstrollslända,Swedish,false
165510,Sympetrum meridionale,Obični poljski konjic,Serbian,false
165510,Sympetrum meridionale,Pixaví llis,Catalan; Valencian,false
165510,Sympetrum meridionale,Sredozemski kamenjak,Slovenian,false
165510,Sympetrum meridionale,Südliche Heidelibelle,German,false
165510,Sympetrum meridionale,Sympétrum Méridional,French,false
165510,Sympetrum meridionale,Sympétrum Méridional,French,false
165510,Sympetrum meridionale,Zuidelijke heidelibel,Dutch; Flemish,false
165510,Sympetrum meridionale,Southern Darter,English,true
165464,Sympetrum pedemontanum,Bandad ängstrollslända,Swedish,false
165464,Sympetrum pedemontanum,Bandheidelibel,Dutch; Flemish,false
165464,Sympetrum pedemontanum,Cardinale alifasciate,Italian,false
165464,Sympetrum pedemontanum,Četveropegi poljski konjic,Serbian,false
165464,Sympetrum pedemontanum,Crnkasti strijelac,Croatian,false
165464,Sympetrum pedemontanum,Gebänderte Heidelibelle,German,false
165464,Sympetrum pedemontanum,Joslu klajumspāre,Latvian,false
165464,Sympetrum pedemontanum,Pasasti kamenjak,Slovenian,false
165464,Sympetrum pedemontanum,Pixaví alabarrat,Catalan; Valencian,false
165464,Sympetrum pedemontanum,Sympétrum du Piémont,French,false
165464,Sympetrum pedemontanum,Бабка перев’язана,Ukrainian,false
165464,Sympetrum pedemontanum,Banded Darter,English,true
165483,Sympetrum vulgatum,Moustached Darter,English,false
165483,Sympetrum vulgatum,Brkati livadar,Bosnian,false
165483,Sympetrum vulgatum,Brkati poljski konjic,Serbian,false
165483,Sympetrum vulgatum,Cardinale boreale,Italian,false
165483,Sympetrum vulgatum,Gemeine Heidelibelle,German,false
165483,Sympetrum vulgatum,Hedhësi endacak,Albanian,false
165483,Sympetrum vulgatum,Mali strijelac,Croatian,false
165483,Sympetrum vulgatum,Navadni kamenjak,Slovenian,false
165483,Sympetrum vulgatum,Pixaví muntanyenc,Catalan; Valencian,false
165483,Sympetrum vulgatum,Steenrode heidelibel,Dutch; Flemish,false
165483,Sympetrum vulgatum,Sympétrum Vulgaire,French,false
165483,Sympetrum vulgatum,Tegelröd ängstrollslända,Swedish,false
165483,Sympetrum vulgatum,Vagrant Darter,English,true
19199100,Nomada armata,Knautiawespbij,Dutch; Flemish,true
19199440,Nomada baccata,Kleine bleekvlekwespbij,Dutch; Flemish,true
19199510,Nomada fabriciana,Rood-zwarte dubbeltand,Dutch; Flemish,true
19199584,Nomada flava,Gewone wespbij,Dutch; Flemish,true
19199761,Nomada piccioliana,Kalkgraslandwespbij,Dutch; Flemish,true
19199825,Nomada similis,Matglanswespbij,Dutch; Flemish,true
59774,Somatochlora borisi,borisov zeleni konjic,Serbian,false
59774,Somatochlora borisi,Bulgaarse glanslibel,Dutch; Flemish,false
59774,Somatochlora borisi,Cordulie de Bulgarie,French,false
59774,Somatochlora borisi,Rhodopen-Smaragdlibelle,German,false
59774,Somatochlora borisi,Bulgarian Emerald,English,true
165529,Chalcolestes viridis,Western Willow Spreadwing,English,false
165529,Chalcolestes viridis,Willow Emerald Damselfly,English,false
165529,Chalcolestes viridis,Gemeine Weidenjungfer,German,false
165529,Chalcolestes viridis,Houtpantserjuffer,Dutch; Flemish,false
165529,Chalcolestes viridis,Lestes sinople,Spanish; Castilian,false
165529,Chalcolestes viridis,Leste Vert,French,false
165529,Chalcolestes viridis,Västlig trädflickslända,Swedish,false
165529,Chalcolestes viridis,Velika zelena devica,Serbian,false
165529,Chalcolestes viridis,Verdina maggiore,Italian,false
165529,Chalcolestes viridis,Vimetaire occidental,Catalan; Valencian,false
165529,Chalcolestes viridis,Zapadna vrbina zelendjevica,Bosnian,false
165529,Chalcolestes viridis,Zapadna vrbova djevica,Croatian,false
165529,Chalcolestes viridis,Zelena pazverca,Slovenian,false
165529,Chalcolestes viridis,Green Emerald Damselfly,English,true
44793097,Rivetina baetica ssp. tenuidentata,Delicate Teeth Baetic Ground Mantis,English,true
44791345,Ameles decolor,Dwarf Mantis,English,false
44791345,Ameles decolor,Mante Décolore,French,false
44791345,Ameles decolor,Mantide scolorita,Italian,false
44791345,Ameles decolor,Mediterranean Dwarf Mantis,English,true
44791577,Ameles heldreichi,Heldreich's Dwarf Mantis,English,true
44791655,Ameles spallanzania,Mantide di Spallanzani,Italian,false
44791655,Ameles spallanzania,European Dwarf Mantis,English,true
44790994,Empusa fasciata,Conehead Mantis,English,false
44790994,Empusa fasciata,Conehead Mantis,English,false
44790994,Empusa fasciata,Devil's Mare,English,false
44790994,Empusa fasciata,Емпуза смугаста,Ukrainian,false
44790994,Empusa fasciata,Емпуза смугаста,Ukrainian,false
44790994,Empusa fasciata,Эмпуза полосатая,Russian,false
44790994,Empusa fasciata,Эмпуза полосатая,Russian,false
44790994,Empusa fasciata,Devil's Mare,English,true
44791239,Iris oratoria,Mante ocellée,French,false
44791239,Iris oratoria,Mediterranean Mantis,English,true
44792855,Rivetina baetica,Baetic Ground Mantis,English,true
44710554,Bradyporus macrogaster,Big-Bellied Glandular Bush-Cricket,English,true
45462302,Eupholidoptera cephalonica,Ionian Marbled Bush-cricket,English,true
45462354,Eupholidoptera epirotica,Epirus Marbled Bush-cricket,English,true
45462525,Eupholidoptera leucasi,Lefkas Marbled Bush-cricket,English,true
45462624,Eupholidoptera megastyla,Greek Marbled Bush-cricket,English,true
45463146,Eupholidoptera uvarovi,Uvarov's Marbled Bush-cricket,English,true
45463212,Eupholidoptera forcipata,Idi Marbled Bush-cricket,English,true
45463223,Eupholidoptera icariensis,Ikaria Marbled Bush-cricket,English,true
45463233,Eupholidoptera jacquelinae,Jacqueline's Marbled Bush-cricket,English,true
45463250,Eupholidoptera kykladica,Cyclades Marbled Bush-cricket,English,true
45463281,Eupholidoptera spinigera,Spiny Marbled Bush-cricket,English,true
45463331,Eupholidoptera annamariae,Annamaria's Marbled Bush-cricket,English,true
45463340,Eupholidoptera astyla,Naxos Marbled Bush-cricket,English,false
45463340,Eupholidoptera astyla,Mount Ida Marbled Bush-cricket,English,true
45463463,Eupholidoptera feri,Fer's Marbled Bush-cricket,English,true
45463473,Eupholidoptera giuliae,Giulia's Marbled Bush-cricket,English,true
45463493,Eupholidoptera latens,Hidden Marbled Bush-cricket,English,true
45463502,Eupholidoptera mariannae,Marianne's Marbled Bush-cricket,English,true
45463511,Poecilimon amissus,Lost Bright Bush-cricket,English,true
45466678,Poecilimon pindos,Pindos Bright Bush-cricket,English,true
45466730,Poecilimon sanctipauli,Saint-Paul's Bright Bush-cricket,English,true
45466759,Poecilimon ege,Ege Bright Bush-cricket,English,true
45466776,Poecilimon hamatus,Hooked Bright Bush-cricket,English,true
45466791,Poecilimon unispinosus,Single-spined Bright Bush-cricket,English,true
17182027,Poecilimon ikariensis,Ikaria Bright Bush-cricket,English,true
17181950,Poecilimon deplanatus,Dodecanese Bright Bush-cricket,English,true
15431178,Acrotylus patruelis,Slender Burrowing Grasshopper,English,false
15431178,Acrotylus patruelis,Slender Digging Grasshopper,English,true
17182043,Poecilimon klausgerhardi,Andros Bright Bush-cricket,English,true
173274,Kretania psylorita,Cretan Argus,English,false
174239,Turanana taygetica,Odd-spot Blue,English,false
173287,Hipparchia cretica,Cretan Grayling,English,false
174466,Hipparchia mersina,Samos Grayling,English,false
174397,Maniola megala,Turkish Meadow Brown,English,false
174183,Leptidea reali,Real's Wood White,English,true
20633459,Conocephalus conocephalus,African Meadow Katydid,English,false
20633459,Conocephalus conocephalus,African Cone-head,English,true
173214,Coenonympha thyrsis,Cretan Small Heath ,English,false
173305,Hipparchia christenseni,Karpathos Grayling,English,false
173252,Maniola chia,Chios Meadow Brown,English,true
173225,Pseudochazara graeca,Grecian Grayling,English,true
173219,Zerynthia cretica,Eastern Festoon,English,false
173219,Zerynthia cretica,Cretan Festoon,English,true
59971,Pantala flavescens,Globe Skimmer,English,false
59971,Pantala flavescens,Globe Wanderer,English,false
59971,Pantala flavescens,dugorepi konjic lutalica,Serbian,false
59971,Pantala flavescens,Frecciaerrante,Italian,false
59971,Pantala flavescens,Libellule Globe Trotter,French,false
59971,Pantala flavescens,Monsuntrollslända,Swedish,false
59971,Pantala flavescens,Pantale Flavescente,French,false
59971,Pantala flavescens,Wanderlibelle,German,false
59971,Pantala flavescens,Wereldzwerver,Dutch; Flemish,false
59971,Pantala flavescens,Wandering Glider,English,true
165469,Libellula quadrimaculata,Four-spotted Skimmer,English,false
165469,Libellula quadrimaculata,četveropegi vilin konjic,Serbian,false
165469,Libellula quadrimaculata,Fireplettet libel,Danish,false
165469,Libellula quadrimaculata,Firflekkbredlibelle,Norwegian,false
165469,Libellula quadrimaculata,Fyrfläckad trollslända,Swedish,false
165469,Libellula quadrimaculata,La Quadrimaculée,French,false
165469,Libellula quadrimaculata,Libellula quadrimacchiata,Italian,false
165469,Libellula quadrimaculata,Libèl·lula quadrimaculada,Catalan; Valencian,false
165469,Libellula quadrimaculata,Libellule Quadrimaculée,French,false
165469,Libellula quadrimaculata,Libélula de 4 manchas,Spanish; Castilian,false
165469,Libellula quadrimaculata,lisasti ploščec,Slovenian,false
165469,Libellula quadrimaculata,Ruskohukankorento,Finnish,false
165469,Libellula quadrimaculata,Vierfleck,German,false
165469,Libellula quadrimaculata,Viervlek,Dutch; Flemish,false
165469,Libellula quadrimaculata,vilin dvopjeg,Croatian,false
165469,Libellula quadrimaculata,Four-spotted Chaser,English,true
165516,Lestes dryas,Robust Spreadwing,English,false
165516,Lestes dryas,Scarce Emerald Damselfly,English,false
165516,Lestes dryas,Alaestès robust,Catalan; Valencian,false
165516,Lestes dryas,Glänzende Binsenjungfer,German,false
165516,Lestes dryas,Gorska zelendjevica,Croatian,false
165516,Lestes dryas,Isokeijukorento,Finnish,false
165516,Lestes dryas,Kraftig smaragdflickslända,Swedish,false
165516,Lestes dryas,Krahëhapura e fortë,Albanian,false
165516,Lestes dryas,Leste Dryade,French,false
165516,Lestes dryas,Lestes recio,Spanish; Castilian,false
165516,Lestes dryas,Obrežna zverca,Slovenian,false
165516,Lestes dryas,Rana zelendjevica,Bosnian,false
165516,Lestes dryas,Sørmetallvannymfe,Norwegian,false
165516,Lestes dryas,Sortmærket Kobbervandnymfe,Danish,false
165516,Lestes dryas,Tangpantserjuffer,Dutch; Flemish,false
165516,Lestes dryas,Velika dugorepa zelena devica,Serbian,false
165516,Lestes dryas,Verdina robusta,Italian,false
165516,Lestes dryas,Emerald Spreadwing,English,true
69637992,Chorthippus ferdinandi,Ferdinand's Grasshopper,English,true
69668544,Ovaliptila kinzelbachi,Karpathos Glandular Cricket,English,true
69668585,Ovaliptila krueperi,Parnassos Glandular Cricket,English,true
69668679,Ovaliptila lindbergi,Cretan Glandular Cricket,English,true
69668788,Ovaliptila nana,Dodecanese Glandular Cricket,English,true
69668847,Ovaliptila newmanae,Epirus Glandular Cricket,English,true
69669391,Ovaliptila wettsteini,Sporades Glandular Cricket,English,true
44698100,Rhacocleis silvestrii,Maquis Bush-cricket,English,true
69681526,Gryllomorpha cretensis,Cretan Crevice-cricket,English,true
169955,Homarus gammarus,Bogavante,Spanish; Castilian,false
169955,Homarus gammarus,Homard Européen,French,false
169955,Homarus gammarus,European Lobster,English,true
16084448,Platypygius crassus,Thick Grasshopper,English,true
68380508,Gryllomorpha albanica,Albanian Crevice-cricket,English,true
68460149,Pseudomogoplistes byzantius,Eastern Beach-cricket,English,true
68441442,Myrmecophilus nonveilleri,Serbian Ant-cricket,English,true
64547977,Asiotmethis limbatus,Bordered Stone Grasshopper,English,true
68446564,Paranocaracris bulgaricus,Bulgarian Stone Grasshopper,English,true
64549495,Barbitistes ocskayi,Black Saw Bush-cricket,English,true
64865908,Isophya andreevae,Andreeva's Plump Bush-cricket,English,true
64866649,Isophya hospodar,Master Plump Bush-cricket,English,true
64869136,Isophya rhodopensis,Rhodope Plump Bush-cricket,English,true
45466571,Poecilimon gracilis,Slender Bright Bush-cricket,English,true
68485460,Troglophilus brevicauda,Short-tailed Cave-cricket,English,true
68485587,Troglophilus zorae,Zora's Cave-cricket,English,true
68280851,Conocephalus ebneri,Ebner's Cone-head,English,true
68440028,Montana macedonica,Macedonian Steppe Bush-cricket,English,true
68451938,Pholidoptera rhodopensis,Rhodope Dark Bush-cricket,English,true
68469288,Tessellana carinata,Keeled Slender Bush-cricket,English,true
14870997,Chorthippus lacustris,Epirus Dancing Grasshopper,English,true
16084579,Chorthippus biroi,Cretan Grasshopper,English,true
16084612,Chorthippus moreanus,Morea Grasshopper,English,true
16084456,Chorthippus parnon,Parnon Grasshopper,English,true
16084479,Chorthippus pulloides,Nymph-like Grasshopper,English,true
16084530,Chorthippus sangiorgii,Cephalonia Grasshopper,English,true
16084594,Chorthippus willemsei,Willemse's Grasshopper,English,true
16084625,Oedipoda venusta,Cretan Band-winged Grasshopper,English,true
16084417,Oropodisma kyllinii,Kyllini Mountain Grasshopper,English,true
16084623,Oropodisma lagrecai,Triandafilia Mountain Grasshopper,English,true
16084459,Oropodisma macedonica,Macedonian Mountain Grasshopper,English,true
16084516,Oropodisma parnassica,Parnassos Mountain Grasshopper,English,true
16084561,Oropodisma taygetosi,Tayetos Mountain Grasshopper,English,true
16084584,Oropodisma tymphrestosi,Tymphrestos Mountain Grasshopper,English,true
16084362,Peripodisma tymphii,Tymphi Mountain Grasshopper,English,true
16084574,Pezotettix lagoi,Rhodes Maquis Grasshopper,English,true
16084449,Sphingonotus crivellarii,Crivellari's Sand Grasshopper,English,true
16084627,Stenobothrus clavatus,Club Toothed Grasshopper,English,true
16084408,Xerohippus solerii,Aegean Desert Grasshopper,English,true
68380920,Gryllotalpa krimbasi,Krimbas' Mole-cricket,English,false
68380920,Gryllotalpa krimbasi,Krimbas' Mole-cricket,English,true
68439867,Mogoplistes kinzelbachi,Kinzelbach's Scale-cricket,English,true
44698010,Glyphanus obtusus,Parnassos Stone Grasshopper,English,true
68380404,Glyphotmethis heldreichi,Heldreich's Stone Grasshopper,English,true
68444850,Orchamus raulinii,Cretan Stone Grasshopper,English,true
64337698,Acrometopa cretensis,Cretan Long-legged Bush-cricket,English,true
17181617,Isophya lemnotica,Limnos Bush-cricket,English,false
17181617,Isophya lemnotica,Limnos Plump Bush-cricket,English,true
64869701,Isophya tosevski,Tosevsk's Plump Bush-cricket,English,true
17181748,Leptophyes lisae,Greek Speckled Bush-cricket,English,true
17181859,Metaplastes oertzeni,Greek Saw-tailed Bush-cricket,English,false
17181859,Metaplastes oertzeni,Greek Ornate Bush-cricket,English,true
17181896,Poecilimon aegaeus,Aegean Bright Bush-cricket,English,true
17181947,Poecilimon cretensis,Cretan Bright Bush-cricket,English,true
17181974,Poecilimon gerlindae,Thessalian Bright Bush-cricket,English,false
17181974,Poecilimon gerlindae,Gerlind's Bright Bush-cricket,English,true
17181977,Poecilimon gracilioides,Epiros Bright Bush-cricket,English,true
68458212,Poecilimon mariannae,Marianne's Bright Bush-cricket,English,true
45466621,Poecilimon nobilis,Noble Bright Bush-cricket,English,true
45466644,Poecilimon obesus,Obese Bright Bush-cricket,English,true
68458389,Poecilimon orbelicus,Orbelicos Bright Bush-cricket,English,true
45466779,Poecilimon paros,Paros Bright Bush-cricket,English,true
68458962,Poecilimon propinquus,Similar Bright Bush-cricket,English,true
45466695,Poecilimon soulion,Soulion Bright Bush-cricket,English,true
68459242,Poecilimon thessalicus,Thessalian Bright Bush-cricket,English,true
68459544,Poecilimon veluchianus,Veluchi Bright Bush-cricket,English,true
68459582,Poecilimon werneri,Werner's Bright Bush-cricket,English,true
68459596,Poecilimon zimmeri,Zimmer's Bright Bush-cricket,English,true
68313516,Dolichopoda annae,Larissa Cave-cricket,English,true
17046304,Dolichopoda dalensi,Kefalari Cave-cricket,English,true
17046311,Dolichopoda giachinoi,Megalo Spilio Cave-cricket,English,true
68314157,Dolichopoda graeca,Perama Cave-cricket,English,true
68314228,Dolichopoda insignis,Koutouki Cave-cricket,English,true
17046317,Dolichopoda ithakii,Ithaka Cave-cricket,English,true
17046320,Dolichopoda kiriakii,Kiriaki Cave-cricket,English,true
17046297,Dolichopoda lustriae,Aghias Andreas Cave-cricket,English,true
68314432,Dolichopoda makrykapa,Makrykapa Cave-cricket,English,true
68314461,Dolichopoda matsakisi,Matsakis' Cave-cricket,English,true
68314517,Dolichopoda naxia,Naxos Cave-cricket,English,true
70613694,Dolichopoda giulianae,Giuliana's Cave-cricket,English,true
70613898,Troglophilus zoiai,Zoia's Cave-cricket,English,true
17046324,Dolichopoda patrizii,Petalas Cave-cricket,English,true
17046327,Dolichopoda pavesii,Cephalonia Cave-cricket,English,true
68314680,Dolichopoda petrochilosi,Pan Cave-cricket,English,true
68315084,Dolichopoda unicolor,Katafygi Cave-cricket,English,true
68315135,Dolichopoda vandeli,Orchomenos Cave-cricket,English,true
68485526,Troglophilus lagoi,Lago's Cave-cricket,English,true
68485565,Troglophilus marinae,San Torini Cave-cricket,English,true
64529440,Anadrymadusa brevipennis,Short-winged Tonged Bush-cricket,English,true
44710646,Bradyporus oniscus,Wood-louse Glandular Bush-cricket,English,true
68281269,Conocephalus grebenchikovi,Grebenchikov's Cone-head,English,true
44711866,Eupholidoptera pallipes,Pale-legged Marbled Bush-cricket,English,true
68380211,Gampsocleis abbreviata,Short-winged Spiny Bush-cricket,English,true
68427881,Metrioptera tsirojanni,Olympus Meadow Bush-cricket,English,true
44712056,Modestana ebneri,Ebner's Modest Bush-cricket,English,true
68450071,Parnassiana chelmos,Chelmos Greek Bush-cricket,English,true
68450152,Parnassiana coracis,Vardousia Greek Bush-cricket,English,true
68450165,Parnassiana dirphys,Dirphys Greek Bush-cricket,English,true
68450223,Parnassiana fusca,Tawny Greek Bush-cricket,English,true
68450237,Parnassiana gionica,Giona Greek Bush-cricket,English,true
68450241,Parnassiana menalon,Menalon Greek Bush-cricket,English,true
68450251,Parnassiana nigromarginata,Akarnanika Greek Bush-cricket,English,true
68450271,Parnassiana panaetolikon,Panaitoliko Greek Bush-cricket,English,true
68450303,Parnassiana parnassica,Parnassos Greek Bush-cricket,English,true
68450311,Parnassiana parnon,Parnon Greek Bush-cricket,English,true
68450318,Parnassiana tenuis,Slim Greek Bush-cricket,English,true
68450364,Parnassiana tymphiensis,Tymphi Greek Bush-cricket,English,true
68450372,Parnassiana tymphrestos,Tymphrestos Greek Bush-cricket,English,true
68451909,Pholidoptera lucasi,Lucas' Dark Bush-cricket,English,true
44698034,Rhacocleis agiostratica,Agiostrati Bush-cricket,English,true
44698051,Rhacocleis crypta,Gavrogo Bush-cricket,English,true
44698053,Rhacocleis derrai,Cretan Bush-cricket,English,true
44698055,Rhacocleis distinguenda,Lesbos Bush-cricket,English,true
44698057,Rhacocleis edentata,Toothless Bush-cricket,English,true
44698059,Rhacocleis ferdinandi,Ferdinand's Bush-cricket,English,true
44698070,Rhacocleis graeca,Greek Bush-cricket,English,true
44698072,Rhacocleis insularis,Cyclades Bush-cricket,English,true
44698076,Rhacocleis lithoscirtetes,Stone-jumping Bush-cricket,English,true
44698104,Rhacocleis trilobata,Three-lobed Bush-cricket,English,true
44698115,Rhacocleis uvarovi,Uvarov's Bush-cricket,English,true
44698141,Rhacocleis werneri,Werner's Bush-cricket,English,true
70613415,Dolichopoda calidnae,Kalymnos Cave-cricket,English,true
68427564,Metaplastes ornatus,Balkan Ornate Bush-cricket,English,true
68468653,Saga hellenica,Greek Predatory Bush-cricket,English,true
15037223,Acrida ungarica,Common Cone-headed Grasshopper,English,false
15037223,Acrida ungarica,Cone-headed Grasshopper,English,true
68441393,Myrmecophilus myrmecophilus,Mediterranean Ant-cricket,English,true
16084535,Sphingonotus personatus,Italian Sand Grasshopper,English,true
68486103,Uromenus elegans,Elegant Saddle Bush-cricket,English,true
158694,Aeshna affinis,Southern Migrant Hawker,English,false
158694,Aeshna affinis,Aeschne Affine,French,false
158694,Aeshna affinis,Dragone occhiblu,Italian,false
158694,Aeshna affinis,Esna Zafiro,Spanish; Castilian,false
158694,Aeshna affinis,Espiadimonis blau,Catalan; Valencian,false
158694,Aeshna affinis,Klarblå mosaikslända,Swedish,false
158694,Aeshna affinis,L'aeschne Affine,French,false
158694,Aeshna affinis,Plavooki kralj,Bosnian,false
158694,Aeshna affinis,Prolećni kraljević,Serbian,false
158694,Aeshna affinis,Shëtitësja sy blu,Albanian,false
158694,Aeshna affinis,Sredozemni kralj,Croatian,false
158694,Aeshna affinis,Südliche Mosaikjungfer,German,false
158694,Aeshna affinis,Višnjeva deva,Slovenian,false
158694,Aeshna affinis,Zuidelijke glazenmaker,Dutch; Flemish,false
158694,Aeshna affinis,Blue-eyed Hawker,English,true
158692,Aeshna isoceles,Norfolk Hawker,English,false
158692,Aeshna isoceles,Aeschne Isocèle,French,false
158692,Aeshna isoceles,Deviški pastir,Slovenian,false
158692,Aeshna isoceles,Dragone occhiverdi,Italian,false
158692,Aeshna isoceles,Esna Jade,Spanish; Castilian,false
158692,Aeshna isoceles,Espiadimonis ataronjat,Catalan; Valencian,false
158692,Aeshna isoceles,Keilfleck-Mosaikjungfer,German,false
158692,Aeshna isoceles,Kilfläckslända,Swedish,false
158692,Aeshna isoceles,L'aeschne Isocèle,French,false
158692,Aeshna isoceles,Riđi kralj,Bosnian,false
158692,Aeshna isoceles,Riđi kraljević,Serbian,false
158692,Aeshna isoceles,Vroege glazenmaker,Dutch; Flemish,false
158692,Aeshna isoceles,Žutni ban,Croatian,false
158692,Aeshna isoceles,Green-eyed Hawker,English,true
59811,Anax ephippiger,afriški minljivec,Slovenian,false
59811,Anax ephippiger,Anax Porte-Selle,French,false
59811,Anax ephippiger,Brun kejsartrollslända,Swedish,false
59811,Anax ephippiger,Emperador divagant,Catalan; Valencian,false
59811,Anax ephippiger,Emperador errante,Spanish; Castilian,false
59811,Anax ephippiger,grof skitnica,Croatian,false
59811,Anax ephippiger,Imperatore migrante,Italian,false
59811,Anax ephippiger,lutajoći carević,Serbian,false
59811,Anax ephippiger,Schabrackenlibelle,German,false
59811,Anax ephippiger,Zadellibel,Dutch; Flemish,false
59811,Anax ephippiger,Vagrant Emperor,English,true
59812,Anax imperator,Emperor Dragonfly,English,false
59812,Anax imperator,Anax Empereur,French,false
59812,Anax imperator,Blå kejsartrollslända,Swedish,false
59812,Anax imperator,Emperador azul,Spanish; Castilian,false
59812,Anax imperator,Emperador blau,Catalan; Valencian,false
59812,Anax imperator,Große Königslibelle,German,false
59812,Anax imperator,Grote keizerlibel,Dutch; Flemish,false
59812,Anax imperator,Imperatore comune,Italian,false
59812,Anax imperator,Veliki car,Croatian,false
59812,Anax imperator,Veliki car,Bosnian,false
59812,Anax imperator,Veliki carević,Serbian,false
59812,Anax imperator,Veliki spremljevalec,Slovenian,false
59812,Anax imperator,Blue Emperor,English,true
165488,Anax parthenope,Anax Napolitain,French,false
165488,Anax parthenope,Emperador menor,Catalan; Valencian,false
165488,Anax parthenope,Emperador pardo,Spanish; Castilian,false
165488,Anax parthenope,Imperatore minore,Italian,false
165488,Anax parthenope,Kleine Königslibelle,German,false
165488,Anax parthenope,mali car,Croatian,false
165488,Anax parthenope,mali carević,Serbian,false
165488,Anax parthenope,Mindre kejsartrollslända,Swedish,false
165488,Anax parthenope,modroriti spremljevalec,Slovenian,false
165488,Anax parthenope,Zuidelijke keizerlibel,Dutch; Flemish,false
165488,Anax parthenope,Lesser Emperor,English,true
16084560,Chorthippus oschei,Carpathian Dancing Grasshopper,English,true
16084407,Euchorthippus declivus,Common Straw Grasshopper,English,true
16084581,Odontopodisma decipiens,Cheating Mountain Grasshopper,English,true
16084507,Stenobothrus rubicundulus,Wing-buzzing Toothed Grasshopper,English,true
68446520,Paramogoplistes novaki,Novak's Scale-cricket,English,true
44710118,Andreiniimon nuptialis,Splendid Bush-cricket,English,true
64549979,Barbitistes yersini,Balkan Saw Bush-cricket,English,true
64869542,Isophya speciosa,Showy Plump Bush-cricket,English,true
44709104,Leptophyes boscii,Balkan Speckled Bush-cricket,English,true
44709622,Leptophyes punctatissima,Common Speckled Bush-cricket,English,true
45466482,Poecilimon affinis,Balkan Bright Bush-cricket,English,true
68454861,Poecilimon brunneri,Brunner's Bright Bush-cricket,English,true
68454920,Poecilimon chopardi,Chopard's Bright Bush-cricket,English,true
45463531,Poecilimon ebneri,Ebner's Bright Bush-cricket,English,true
47709322,Poecilimon jonicus,Ionian Bright Bush-cricket,English,true
68455994,Poecilimon laevissimus,Transionian Bright Bush-cricket,English,true
68458200,Poecilimon macedonicus,Macedonian Bright Bush-cricket,English,true
68458496,Poecilimon ornatus,Ornate Bush-cricket,English,false
68458496,Poecilimon ornatus,Ornate Bright Bush-cricket,English,true
68459410,Poecilimon thoracicus,Bellied Bright Bush-cricket,English,true
68459608,Poecilimon zwicki,Zwick's Bright Bush-cricket,English,true
68459646,Polysarcus denticauda,Large Saw-tailed Bush-cricket,English,false
68459646,Polysarcus denticauda,Bull Bush-cricket,English,true
44712223,Polysarcus scutatus,barbitist de prat,Catalan; Valencian,false
44712223,Polysarcus scutatus,L’Orphanie a bouclier,French,false
44712223,Polysarcus scutatus,Short-tailed Bull Bush-cricket,English,true
44710285,Bradyporus dasypus,Bronze Glandular Bush-cricket,English,true
68315499,Ephippiger ephippiger,Eastern Saddle Bush-cricket,English,true
68379164,Eupholidoptera schmidti,Schmidt's Marbled Bush-cricket,English,true
68427417,Meconema thalassinum,Oak Bush-cricket,English,true
68446261,Pachytrachis gracilis,Graceful Bush-cricket,English,true
47712216,Pholidoptera aptera,Alpine Dark Bush-cricket,English,true
62148031,Pholidoptera frivaldszkyi,Green Dark Bush-cricket,English,true
68451954,Pholidoptera stankoi,Stanko's Dark Bush-cricket,English,true
68468365,Roeseliana ambitiosa,Ambitious Meadow Bush-cricket,English,true
68468640,Saga campbelli,Lesser Predatory Bush-cricket,English,true
68468849,Saga rammei,Ramme's Predatory Bush-cricket,English,true
68469308,Tessellana orina,Orina Slender Bush-cricket,English,true
68486449,Yersinella raymondii,Raymond's Bush-cricket,English,true
165470,Orthetrum sabina,crnotrbi hitri konjic,Serbian,false
165470,Orthetrum sabina,Schlanker Blaupfeil,German,false
165470,Orthetrum sabina,Slanke oeverlibel,Dutch; Flemish,false
165470,Orthetrum sabina,Slender Skimmer,English,true
59859,Crocothemis erythraea,Common Scarlet-darter,English,false
59859,Crocothemis erythraea,Scarlet Darter,English,false
59859,Crocothemis erythraea,Scarlet Dragonfly,English,false
59859,Crocothemis erythraea,Feuerlibelle,German,false
59859,Crocothemis erythraea,Frecciarossa,Italian,false
59859,Crocothemis erythraea,Karmintrollslända,Swedish,false
59859,Crocothemis erythraea,Libellule Écarlate,French,false
59859,Crocothemis erythraea,Libélula escarlata,Spanish; Castilian,false
59859,Crocothemis erythraea,opoldanski škrlatec,Slovenian,false
59859,Crocothemis erythraea,Sagnador escarlata,Catalan; Valencian,false
59859,Crocothemis erythraea,vatreni jurišnik,Croatian,false
59859,Crocothemis erythraea,vatreni konjic,Serbian,false
59859,Crocothemis erythraea,Vuurlibel,Dutch; Flemish,false
59859,Crocothemis erythraea,Broad Scarlet,English,true
59864,Diplacodes lefebvrii,Diplacodes de Lefebvre,French,false
59864,Diplacodes lefebvrii,Glänzender Schwarzpfeil,German,false
59864,Diplacodes lefebvrii,Libélula pigmea,Spanish; Castilian,false
59864,Diplacodes lefebvrii,Moriaantje,Dutch; Flemish,false
59864,Diplacodes lefebvrii,Black Percher,English,true
59954,Orthetrum chrysostigma,Epauletoeverlibel,Dutch; Flemish,false
59954,Orthetrum chrysostigma,Frecciazzurra aurea,Italian,false
59954,Orthetrum chrysostigma,Libélula barreada,Spanish; Castilian,false
59954,Orthetrum chrysostigma,Orthétrum à Ptérostigmas Jaunes,French,false
59954,Orthetrum chrysostigma,Orthétrum de Barbarie,French,false
59954,Orthetrum chrysostigma,Parot de xarreteres,Catalan; Valencian,false
59954,Orthetrum chrysostigma,Rahmstreif-Blaupfeil,German,false
59954,Orthetrum chrysostigma,žutopegi hitri konjic,Serbian,false
59954,Orthetrum chrysostigma,Epaulet Skimmer,English,true
59965,Orthetrum trinacria,Frecciazzurra meridionale,Italian,false
59965,Orthetrum trinacria,Lange oeverlibel,Dutch; Flemish,false
59965,Orthetrum trinacria,Langer Blaupfeil,German,false
59965,Orthetrum trinacria,Libélula feroz,Spanish; Castilian,false
59965,Orthetrum trinacria,Orthétrum de Sicile,French,false
59965,Orthetrum trinacria,Long Skimmer,English,true
60052,Trithemis annulata,Violet-marked Darter,English,false
60052,Trithemis annulata,Ciklamni telovnikar,Slovenian,false
60052,Trithemis annulata,Krahërëna violë,Albanian,false
60052,Trithemis annulata,Libélula púrpura,Spanish; Castilian,false
60052,Trithemis annulata,Obelisco violetto,Italian,false
60052,Trithemis annulata,Pipa vinosa,Catalan; Valencian,false
60052,Trithemis annulata,Purperlibel,Dutch; Flemish,false
60052,Trithemis annulata,Rožičasti bojni konjic,Serbian,false
60052,Trithemis annulata,Trithémis Annelé,French,false
60052,Trithemis annulata,Violetter Sonnenzeiger,German,false
60052,Trithemis annulata,Violet Dropwing,English,true
60053,Trithemis arteriosa,Rode zonnewijzer,Dutch; Flemish,false
60053,Trithemis arteriosa,Rotader-Sonnenzeiger,German,false
60053,Trithemis arteriosa,Trithémis Écarlate,French,false
60053,Trithemis arteriosa,Red-veined Dropwing,English,true
158685,Sympetrum striolatum,Bruinrode heidelibel,Dutch; Flemish,false
158685,Sympetrum striolatum,Cardinale striato,Italian,false
158685,Sympetrum striolatum,Große Heidelibelle,German,false
158685,Sympetrum striolatum,Jesenji poljski konjic,Serbian,false
158685,Sympetrum striolatum,Libélula estriada,Spanish; Castilian,false
158685,Sympetrum striolatum,Pixaví estriat,Catalan; Valencian,false
158685,Sympetrum striolatum,Progasti kamenjak,Slovenian,false
158685,Sympetrum striolatum,Större ängstrollslända,Swedish,false
158685,Sympetrum striolatum,Sympétrum Strié,French,false
158685,Sympetrum striolatum,Sympétrum Strié,French,false
158685,Sympetrum striolatum,Veliki livadar,Bosnian,false
158685,Sympetrum striolatum,Veliki strijelac,Croatian,false
158685,Sympetrum striolatum,Common Darter,English,true
158696,Erythromma lindenii,Blue-eye,English,false
158696,Erythromma lindenii,Agrion de ojos azules,Spanish; Castilian,false
158696,Erythromma lindenii,Agrion de vander Linden,French,false
158696,Erythromma lindenii,Azzurrina dubbia,Italian,false
158696,Erythromma lindenii,Kanaaljuffer,Dutch; Flemish,false
158696,Erythromma lindenii,L'agrion À Longs Cercoïdes,French,false
158696,Erythromma lindenii,L'agrion De Vander Linden,French,false
158696,Erythromma lindenii,modra kosjenka,Croatian,false
158696,Erythromma lindenii,plava bistrooka devica,Serbian,false
158696,Erythromma lindenii,Pokal-azurjungfer,German,false
158696,Erythromma lindenii,Pokalflickslända,Swedish,false
158696,Erythromma lindenii,Pokaljungfer,German,false
158696,Erythromma lindenii,prodni paškratec,Slovenian,false
158696,Erythromma lindenii,Ullblau,Catalan; Valencian,false
158696,Erythromma lindenii,Goblet-marked Damselfly,English,true
158707,Coenagrion puella,Azure Damselfly,English,false
158707,Coenagrion puella,Agrion Jouvencelle,French,false
158707,Coenagrion puella,Agrion vestal,Spanish; Castilian,false
158707,Coenagrion puella,Azuurwaterjuffer,Dutch; Flemish,false
158707,Coenagrion puella,Azzurrina comune,Italian,false
158707,Coenagrion puella,Donzell de ferradura,Catalan; Valencian,false
158707,Coenagrion puella,Hufeisen-Azurjungfer,German,false
158707,Coenagrion puella,L'agrion Jouvencelle,French,false
158707,Coenagrion puella,Ljus lyrflickslända,Swedish,false
158707,Coenagrion puella,Modra vodendjevojčica,Croatian,false
158707,Coenagrion puella,Obični plavac,Bosnian,false
158707,Coenagrion puella,Podkovičasta plava devica,Serbian,false
158707,Coenagrion puella,Travniški škratec,Slovenian,false
158707,Coenagrion puella,Azure Bluet,English,true
165499,Aeshna mixta,Aeschne Mixte,French,false
165499,Aeshna mixta,Bleda deva,Slovenian,false
165499,Aeshna mixta,Dragone autunnale,Italian,false
165499,Aeshna mixta,Esna Falso zafiro,Spanish; Castilian,false
165499,Aeshna mixta,Espiadimonis tardorenc,Catalan; Valencian,false
165499,Aeshna mixta,Herbstmosaikjungfer,German,false
165499,Aeshna mixta,Höstmosaikslända,Swedish,false
165499,Aeshna mixta,Jesenji kralj,Bosnian,false
165499,Aeshna mixta,Jesenji kraljević,Serbian,false
165499,Aeshna mixta,Jesenski kralj,Croatian,false
165499,Aeshna mixta,L'aeschne Mixte,French,false
165499,Aeshna mixta,Paardenbijter,Dutch; Flemish,false
165499,Aeshna mixta,Migrant Hawker,English,true
165524,Aeshna cyanea,Southern Hawker,English,false
165524,Aeshna cyanea,Aeschne Bleue,French,false
165524,Aeshna cyanea,Blågrön mosaikslända,Swedish,false
165524,Aeshna cyanea,Blågrønnlibelle,Norwegian,false
165524,Aeshna cyanea,Blå Mosaikguldsmed,Danish,false
165524,Aeshna cyanea,Blaugrüne Mosaikjungfer,German,false
165524,Aeshna cyanea,Blauwe glazenmaker,Dutch; Flemish,false
165524,Aeshna cyanea,Dragone verdeazzurro,Italian,false
165524,Aeshna cyanea,Esna de bosques,Spanish; Castilian,false
165524,Aeshna cyanea,Espiadimonis de fanal,Catalan; Valencian,false
165524,Aeshna cyanea,Kirjoukonkorento,Finnish,false
165524,Aeshna cyanea,modri kralj,Croatian,false
165524,Aeshna cyanea,šumski kraljević,Serbian,false
165524,Aeshna cyanea,zelenomodra deva,Slovenian,false
165524,Aeshna cyanea,Blue Hawker,English,true
169967,Nephrops norvegicus,Cigala,Spanish; Castilian,false
169967,Nephrops norvegicus,Langoustine,French,false
169967,Nephrops norvegicus,Norway Lobster,English,true
68462466,Psorodonotus macedonicus,Macedonian Walking Bush-cricket,English,true
86222059,Saga gracilis,Slender Predatory Bush-cricket,English,true
87999248,Prionotropis willemsorum,Willemses' Stone Grasshopper,English,true
90799145,Eupholidoptera garganica,Gargano Marbled Bush-cricket,English,true
90853972,Dolichopoda ochtoniai,Ochtonia Cave-cricket,English,true
90854150,Dolichopoda saraolacosi,Saraolakos Cave-cricket,English,true
99773552,Rhacocleis andikithirensis,Andikithira Bush-cricket,English,true
16084613,Chorthippus crassiceps,Plump-headed Grasshopper,English,true
68313777,Dolichopoda cassagnaui,Cassagnau's Cave-cricket,English,true
70613726,Dolichopoda kalithea,Kalithea Cave-cricket,English,true
68314552,Dolichopoda paraskevi,Cretan Cave-cricket,English,true
68314902,Dolichopoda steriotisi,Corfu Cave-cricket,English,true
68314976,Dolichopoda thasosensis,Thassos Cave-cricket,English,true
45463437,Eupholidoptera cretica,Cretan Marbled Bush-cricket,English,true
17046307,Dolichopoda gasparoi,Lefkas Cave-cricket,English,true
44711767,Eupholidoptera gemellata,Skaronero Marbled Bush-cricket,English,true
17181907,Poecilimon athos,Athos Bright Bush-cricket,English,true
17181953,Poecilimon erimanthos,Erimanthos Bright Bush-cricket,English,true
68485512,Troglophilus cavicola,Common Cave-cricket,English,true
68485583,Troglophilus spinulosus,Spiny Cave-cricket,English,true
68378608,Eumodicogryllus bordigalensis,Bordeaux Cricket,English,false
68378608,Eumodicogryllus bordigalensis,Verge Cricket,English,true
118892125,Hierodula tenuidentata,Богомол древесный,Russian,false
118892125,Hierodula tenuidentata,Giant Asian Mantis,English,true
153745,Pontastacus leptodactylus,Danube Crayfish,English,false
153745,Pontastacus leptodactylus,Galican Crayfish,English,false
153745,Pontastacus leptodactylus,Long-clawed Crayfish,English,false
153745,Pontastacus leptodactylus,Narrow-clawed Crayfish,English,false
153745,Pontastacus leptodactylus,Pond Crayfish,English,false
153745,Pontastacus leptodactylus,Slender-clawed Crayfish,English,false
153745,Pontastacus leptodactylus,Swamp Crayfish,English,false
153745,Pontastacus leptodactylus,Turkish Crayfish,English,false
153745,Pontastacus leptodactylus,Écrevisse á Pattes Grêles,French,false
153745,Pontastacus leptodactylus,Écrevisse des Manais,French,false
153745,Pontastacus leptodactylus,Écrevisse Turque,French,false
2431,Austropotamobius torrentium,Écrevisse des torrents,French,false
2431,Austropotamobius torrentium,Stone Crayfish,English,true
16249,Parnassius apollo,Apollo Butterfly,English,false
16249,Parnassius apollo,Mountain Apollo,English,false
16249,Parnassius apollo,Apollo,Italian,false
16249,Parnassius apollo,Apolo,Spanish; Castilian,false
16249,Parnassius apollo,Mariposa Apollo,Spanish; Castilian,false
16249,Parnassius apollo,Apollo,English,true
174210,Parnassius mnemosyne,Mnemosine,Italian,false
174210,Parnassius mnemosyne,Clouded Apollo,English,true
165501,Sympetrum flaveolum,Cardinale dorato,Italian,false
165501,Sympetrum flaveolum,Geelvlekheidelibel,Dutch; Flemish,false
165501,Sympetrum flaveolum,Geelvlekheidelibel,Dutch; Flemish,false
165501,Sympetrum flaveolum,Gefleckte Heidelibelle,German,false
165501,Sympetrum flaveolum,Gulfläckad ängstrollslända,Swedish,false
165501,Sympetrum flaveolum,Hedhësi krahëverdhë,Albanian,false
165501,Sympetrum flaveolum,Jantarni strijelac,Croatian,false
165501,Sympetrum flaveolum,Libélula montesana,Spanish; Castilian,false
165501,Sympetrum flaveolum,Pixaví safranat,Catalan; Valencian,false
165501,Sympetrum flaveolum,Rumeni kamenjak,Slovenian,false
165501,Sympetrum flaveolum,Sympétrum Jaune d’Or,French,false
165501,Sympetrum flaveolum,Žutokrili livadar,Bosnian,false
165501,Sympetrum flaveolum,Žutokrili poljski konjic,Serbian,false
165501,Sympetrum flaveolum,Yellow-winged Darter,English,true
60307,Boyeria cretensis,Creatan Spectre,English,false
60307,Boyeria cretensis,Kreta schemerlibel,Dutch; Flemish,false
60307,Boyeria cretensis,Kretische Geisterlibelle,German,false
60307,Boyeria cretensis,Cretan Spectre,English,true
158701,Calopteryx splendens,Blåbandad jungfruslända,Swedish,false
158701,Calopteryx splendens,blåbånd-vannymfe,Norwegian,false
158701,Calopteryx splendens,Caloptéryx Éclatant,French,false
158701,Calopteryx splendens,Gebänderte Prachtlibelle,German,false
158701,Calopteryx splendens,Motýlice lesklá,Czech,false
158701,Calopteryx splendens,Pasasti bleščavec,Slovenian,false
158701,Calopteryx splendens,Pegava sjajna devica,Serbian,false
158701,Calopteryx splendens,Prugasta konjska smrt,Croatian,false
158701,Calopteryx splendens,Prugasta vila,Bosnian,false
158701,Calopteryx splendens,Sávos szitakötő,Hungarian,false
158701,Calopteryx splendens,Splendente comune,Italian,false
158701,Calopteryx splendens,Świtezianka błyszcząca,Polish,false
158701,Calopteryx splendens,Vajzë fluturuesja me shirita,Albanian,false
158701,Calopteryx splendens,Weidebeekjuffer,Dutch; Flemish,false
158701,Calopteryx splendens,Красотка блестящая,Russian,false
158701,Calopteryx splendens,Красуня блискуча,Ukrainian,false
158701,Calopteryx splendens,Поясно ромолниче,Bulgarian,false
158701,Calopteryx splendens,Banded Demoiselle,English,true
59700,Ceriagrion georgifreyi,Pontische Scharlachlibelle,German,false
59700,Ceriagrion georgifreyi,primorska crvena devica,Serbian,false
59700,Ceriagrion georgifreyi,Turkse koraaljuffer,Dutch; Flemish,false
59700,Ceriagrion georgifreyi,Turkish Red Damsel,English,true
165504,Coenagrion intermedium,Agrion Intermédiaire,French,false
165504,Coenagrion intermedium,Kreta waterjuffer,Dutch; Flemish,false
165504,Coenagrion intermedium,Kretische Azurjungfer,German,false
165504,Coenagrion intermedium,Cretan Bluet,English,true
165497,Erythromma najas,Großes Granatauge,German,false
165497,Erythromma najas,Grote roodoogjuffer,Dutch; Flemish,false
165497,Erythromma najas,mala bistrooka devica,Serbian,false
165497,Erythromma najas,Naīade aux Yeux Rouges,French,false
165497,Erythromma najas,Occhirossi maggiore,Italian,false
165497,Erythromma najas,Större rödögonflickslända,Swedish,false
165497,Erythromma najas,velika crvenookica,Croatian,false
165497,Erythromma najas,veliki rdečeokec,Slovenian,false
165497,Erythromma najas,Large Redeye,English,true
165479,Ischnura elegans,Agrion Élégant,French,false
165479,Ischnura elegans,Agrion elegante,Spanish; Castilian,false
165479,Ischnura elegans,Bishtbluja e zakonshme,Albanian,false
165479,Ischnura elegans,Codazzurra comune,Italian,false
165479,Ischnura elegans,Große Pechlibelle,German,false
165479,Ischnura elegans,Lantaarntje,Dutch; Flemish,false
165479,Ischnura elegans,Llantió elegant,Catalan; Valencian,false
165479,Ischnura elegans,Modri kresničar,Slovenian,false
165479,Ischnura elegans,Större kustflickslända,Swedish,false
165479,Ischnura elegans,Velika crnotrba devica,Serbian,false
165479,Ischnura elegans,Velika mora,Croatian,false
165479,Ischnura elegans,Velika plavorepka,Bosnian,false
165479,Ischnura elegans,Common Bluetail,English,true
16084372,Oropodisma erymanthosi,Erimanthos Mountain Grasshopper,English,true
60274,Pyrrhosoma elisabethae,Grčka ognjena devica,Serbian,false
60274,Pyrrhosoma elisabethae,Griechische Adonislibelle,German,false
60274,Pyrrhosoma elisabethae,Griekse vuurjuffer,Dutch; Flemish,false
60274,Pyrrhosoma elisabethae,Pilivesa mbretëreshë,Albanian,false
60274,Pyrrhosoma elisabethae,Greek Red Damsel,English,true
165498,Cordulegaster bidentata,Cordulegastre Bidenté,French,false
165498,Cordulegaster bidentata,dvozubi konjic daždevnjak,Serbian,false
165498,Cordulegaster bidentata,dvozubi potočar,Croatian,false
165498,Cordulegaster bidentata,Gestreifte Quelljungfer,German,false
165498,Cordulegaster bidentata,Guardarroyo hontanar,Spanish; Castilian,false
165498,Cordulegaster bidentata,Guardaruscello collinare,Italian,false
165498,Cordulegaster bidentata,Passabarrancs bidentat,Catalan; Valencian,false
165498,Cordulegaster bidentata,povirni studenčar,Slovenian,false
165498,Cordulegaster bidentata,Zuidelijke bronlibel,Dutch; Flemish,false
165498,Cordulegaster bidentata,Sombre Goldenring,English,true
59706,Cordulegaster helladica,Griekse bronlibel,Dutch; Flemish,false
59706,Cordulegaster helladica,Greek Goldenring,English,true
158700,Cordulegaster heros,Balkanbronlibel,Dutch; Flemish,false
158700,Cordulegaster heros,Cordulegastre des Balkans,French,false
158700,Cordulegaster heros,Gorski potočar,Croatian,false
158700,Cordulegaster heros,Große Quelljungfer,German,false
158700,Cordulegaster heros,Guardaruscello balcanico,Italian,false
158700,Cordulegaster heros,Planinski potočar,Croatian,false
158700,Cordulegaster heros,Unazëarta e Ballkanit,Albanian,false
158700,Cordulegaster heros,Veliki konjic daždevnjak,Serbian,false
158700,Cordulegaster heros,Veliki potočar,Bosnian,false
158700,Cordulegaster heros,Veliki studenčar,Slovenian,false
158700,Cordulegaster heros,Balkan Goldenring,English,true
158702,Cordulia aenea,barski zeleni konjic,Serbian,false
158702,Cordulia aenea,Cordulie Bronzée,French,false
158702,Cordulia aenea,Esmeralda bronceada,Spanish; Castilian,false
158702,Cordulia aenea,Gemeine Smaragdlibelle,German,false
158702,Cordulia aenea,Grøn Smaragdlibel,Danish,false
158702,Cordulia aenea,Guldtrollslända,Swedish,false
158702,Cordulia aenea,Maragda envellutada,Catalan; Valencian,false
158702,Cordulia aenea,močvarni smaragd,Croatian,false
158702,Cordulia aenea,močvirski lebduh,Slovenian,false
158702,Cordulia aenea,Smaragdlibel,Dutch; Flemish,false
158702,Cordulia aenea,Smaragdlibelle,Norwegian,false
158702,Cordulia aenea,Smeralda bronzea,Italian,false
158702,Cordulia aenea,Vaskikorento,Finnish,false
158702,Cordulia aenea,Downy Emerald,English,true
15364,Ophiogomphus cecilia,Gaffellibel,Dutch; Flemish,false
15364,Ophiogomphus cecilia,Gomphe Serpentin,French,false
15364,Ophiogomphus cecilia,Gonfo serpentino,Italian,false
15364,Ophiogomphus cecilia,Grön flodtrollslända,Swedish,false
15364,Ophiogomphus cecilia,Grøn Kølleguldsmed,Danish,false
15364,Ophiogomphus cecilia,Grüne Keiljungfer,German,false
15364,Ophiogomphus cecilia,kačji potočnik,Slovenian,false
15364,Ophiogomphus cecilia,Kirjojokikorento,Finnish,false
15364,Ophiogomphus cecilia,rogati regoč,Croatian,false
15364,Ophiogomphus cecilia,zmijski razroki konjic,Serbian,false
15364,Ophiogomphus cecilia,Green Gomphid,English,true
158684,Lestes barbarus,Migrant Spreadwing,English,false
158684,Lestes barbarus,Shy Emerald Damselfly,English,false
158684,Lestes barbarus,Alaestès verd,Catalan; Valencian,false
158684,Lestes barbarus,Blijeda zelendjevica,Bosnian,false
158684,Lestes barbarus,Divlja zelena devica,Serbian,false
158684,Lestes barbarus,Grmiščna zverca,Slovenian,false
158684,Lestes barbarus,Leste Sauvage,French,false
158684,Lestes barbarus,Lestes bárbaro,Spanish; Castilian,false
158684,Lestes barbarus,Sredozemna zelendjevica,Croatian,false
158684,Lestes barbarus,Südliche Binsenjungfer,German,false
158684,Lestes barbarus,Vandrande smaragdflickslända,Swedish,false
158684,Lestes barbarus,Verdina barbara,Italian,false
158684,Lestes barbarus,Zwervende pantserjuffer,Dutch; Flemish,false
158684,Lestes barbarus,Southern Emerald Damselfly,English,true
158690,Sympecma fusca,Winter Damselfly,English,false
158690,Sympecma fusca,Bruine winterjuffer,Dutch; Flemish,false
158690,Sympecma fusca,Caballito pardo,Spanish; Castilian,false
158690,Sympecma fusca,Cavallet d'hivern comú,Catalan; Valencian,false
158690,Sympecma fusca,Gemeine Winterlibelle,German,false
158690,Sympecma fusca,Invernina comune,Italian,false
158690,Sympecma fusca,Leste Brun,French,false
158690,Sympecma fusca,Prisojni zimnik,Slovenian,false
158690,Sympecma fusca,Vinterflickslända,Swedish,false
158690,Sympecma fusca,Zimska devica,Serbian,false
158690,Sympecma fusca,Zimska djeva,Croatian,false
158690,Sympecma fusca,Zimska djevica,Bosnian,false
158690,Sympecma fusca,Common Winter Damsel,English,true
158689,Orthetrum albistylum,Belorepi hitri konjic,Serbian,false
158689,Orthetrum albistylum,Bijeli vilenjak,Croatian,false
158689,Orthetrum albistylum,Bjelorepi strijelac,Bosnian,false
158689,Orthetrum albistylum,Frecciazzurra puntabianca,Italian,false
158689,Orthetrum albistylum,Orthétrum à Stylets Blancs,French,false
158689,Orthetrum albistylum,Östlicher Blaupfeil,German,false
158689,Orthetrum albistylum,Rrëshkitësi bishtbardhë,Albanian,false
158689,Orthetrum albistylum,Temni modrač,Slovenian,false
158689,Orthetrum albistylum,Witpuntoeverlibel,Dutch; Flemish,false
158689,Orthetrum albistylum,White-tailed Skimmer,English,true
158698,Orthetrum brunneum,Blåpannad sjötrollslända,Swedish,false
158698,Orthetrum brunneum,Frecciazzurra celeste,Italian,false
158698,Orthetrum brunneum,Libélula bruña,Spanish; Castilian,false
158698,Orthetrum brunneum,Orthétrum Brun,French,false
158698,Orthetrum brunneum,Parot pruïnós,Catalan; Valencian,false
158698,Orthetrum brunneum,Plavetni hitri konjic,Serbian,false
158698,Orthetrum brunneum,Plavetni strijelac,Bosnian,false
158698,Orthetrum brunneum,Primorski vilenjak,Croatian,false
158698,Orthetrum brunneum,Rrëshkitësi jugor,Albanian,false
158698,Orthetrum brunneum,Sinji modrač,Slovenian,false
158698,Orthetrum brunneum,Südlicher Blaupfeil,German,false
158698,Orthetrum brunneum,Zuidelijke oeverlibel,Dutch; Flemish,false
158698,Orthetrum brunneum,Southern Skimmer,English,true
165521,Orthetrum cancellatum,Frecciazzurra puntanera,Italian,false
165521,Orthetrum cancellatum,Gewone oeverlibel,Dutch; Flemish,false
165521,Orthetrum cancellatum,Grosser Blaupfeil,German,false
165521,Orthetrum cancellatum,Großer Blaupfeil,German,false
165521,Orthetrum cancellatum,Hitri konjic,Serbian,false
165521,Orthetrum cancellatum,Libélula centinela,Spanish; Castilian,false
165521,Orthetrum cancellatum,Orthétrum Réticulé,French,false
165521,Orthetrum cancellatum,Orthétrum Réticulé,French,false
165521,Orthetrum cancellatum,Parot cuanegre,Catalan; Valencian,false
165521,Orthetrum cancellatum,Prodni modrač,Slovenian,false
165521,Orthetrum cancellatum,Större sjötrollslända,Swedish,false
165521,Orthetrum cancellatum,Veliki strijelac,Bosnian,false
165521,Orthetrum cancellatum,Veliki vilenjak,Croatian,false
165521,Orthetrum cancellatum,Black-tailed Skimmer,English,true
158682,Orthetrum coerulescens,Beekoeverlibel,Dutch; Flemish,false
158682,Orthetrum coerulescens,Frecciazzurra minore,Italian,false
158682,Orthetrum coerulescens,Kleiner Blaupfeil,German,false
158682,Orthetrum coerulescens,Libélula cobalto,Spanish; Castilian,false
158682,Orthetrum coerulescens,mali modrač,Slovenian,false
158682,Orthetrum coerulescens,Mindre sjötrollslända,Swedish,false
158682,Orthetrum coerulescens,Orthétrum Bleuissant,French,false
158682,Orthetrum coerulescens,Orthétrum de Rambur,French,false
158682,Orthetrum coerulescens,Parot blau,Catalan; Valencian,false
158682,Orthetrum coerulescens,plavi hitri konjic,Serbian,false
158682,Orthetrum coerulescens,zapadni vilenjak,Croatian,false
158682,Orthetrum coerulescens,Keeled Skimmer,English,true
158691,Sympetrum sanguineum,Blodröd ängstrollslända,Swedish,false
158691,Sympetrum sanguineum,Bloedrode heidelibel,Dutch; Flemish,false
158691,Sympetrum sanguineum,Blutrote Heidelibelle,German,false
158691,Sympetrum sanguineum,Cardinale sanguineo,Italian,false
158691,Sympetrum sanguineum,Crveni livadar,Bosnian,false
158691,Sympetrum sanguineum,Crveni strijelac,Croatian,false
158691,Sympetrum sanguineum,Krvavordeči kamenjak,Slovenian,false
158691,Sympetrum sanguineum,Libélula sanguínea,Spanish; Castilian,false
158691,Sympetrum sanguineum,Pixaví sanguini,Catalan; Valencian,false
158691,Sympetrum sanguineum,Sympétrum Rouge Sang,French,false
158691,Sympetrum sanguineum,Sympétrum Sanguin,French,false
158691,Sympetrum sanguineum,Sympétrum Sanguin,French,false
158691,Sympetrum sanguineum,Veliki crnonogi poljski konjic,Serbian,false
158691,Sympetrum sanguineum,Woestijnheidelibel,Dutch; Flemish,false
158691,Sympetrum sanguineum,Ruddy Darter,English,true
163609,Trithemis festiva,Blauwe zonnewijzer,Dutch; Flemish,false
163609,Trithemis festiva,crni bojni konjic,Serbian,false
163609,Trithemis festiva,Schwarzer Sonnenzeiger,German,false
163609,Trithemis festiva,Indigo Dropwing,English,true
158709,Platycnemis pennipes,Agrion à Larges Pattes,French,false
158709,Platycnemis pennipes,Bjelonoga potočnica,Croatian,false
158709,Platycnemis pennipes,Blaue Federlibelle,German,false
158709,Platycnemis pennipes,Blauwe breedscheenjuffer,Dutch; Flemish,false
158709,Platycnemis pennipes,Caballito celeste,Spanish; Castilian,false
158709,Platycnemis pennipes,Flodflickslända,Swedish,false
158709,Platycnemis pennipes,Peronoga devica,Serbian,false
158709,Platycnemis pennipes,Plava peronoga,Bosnian,false
158709,Platycnemis pennipes,Polaines blau,Catalan; Valencian,false
158709,Platycnemis pennipes,Sinji presličar,Slovenian,false
158709,Platycnemis pennipes,Zampalarga comune,Italian,false
158709,Platycnemis pennipes,Blue Featherleg,English,true
68451285,Phaneroptera nana,Southern Sickle-bearing Bush-cricket,English,false
68451285,Phaneroptera nana,Southern Sickle Bush-cricket,English,true
44792809,Geomantis larvoides,Wingless Ground Mantis,English,true
149164940,Sphegina clavata,Keulige Taillenschwebfliege,German,false
149164940,Sphegina clavata,Ritka Karcsúlégy,Hungarian,false
149164940,Sphegina clavata,Roodspriet-bronzweefvlieg,Dutch; Flemish,true
149165245,Neoascia unifasciata,Einbindige Keulenschwebfliege,German,false
149165245,Neoascia unifasciata,Ritka Nádaslégy,Hungarian,false
149165245,Neoascia unifasciata,Limburse Korsetzweefvlieg,Dutch; Flemish,true
149165312,Criorhina pachymera,Karcsú Szőrméslégy,Hungarian,false
149165312,Criorhina pachymera,Schlanke Pelzschwebfliege,German,false
149165312,Criorhina pachymera,Populierenwoudzwever,Dutch; Flemish,true
149165538,Brachyopa plena,Ritka Fanedvlégy,Hungarian,true
149165668,Brachyopa insensilis,Almsavblomfluga,Swedish,false
149165668,Brachyopa insensilis,Elme-træsaftsvirreflue,Danish,false
149165668,Brachyopa insensilis,Szil Fanedvlégy,Hungarian,false
149165668,Brachyopa insensilis,Ulmen-baumsaftschwebfliege,German,false
149165668,Brachyopa insensilis,Kale Sapzweefvlieg,Dutch; Flemish,true
149165734,Brachyopa bimaculosa,Tweestipsapzweefvlieg,Dutch; Flemish,true
149167110,Syrphus nitidifrons,Onderbroken-bandzweefvlieg,Dutch; Flemish,true
149167289,Cheilosia morio,Kådblomfluga,Swedish,false
149167289,Cheilosia morio,Pihkakeilanen,Finnish,true
149168113,Brachypalpus valgus,Südliche Mulmschwebfliege,German,false
149168113,Brachypalpus valgus,Grootsprietmolmzweefvlieg,Dutch; Flemish,true
149168932,Sphegina elegans,Csinos Karcsúlégy,Hungarian,false
149168932,Sphegina elegans,Elegant Midjeblomfluga,Swedish,false
149168932,Sphegina elegans,Elegant Midjeblomsterflue,Norwegian,false
149168932,Sphegina elegans,Großhorn-taillenschwebfliege,German,false
149168932,Sphegina elegans,Purokurokas,Finnish,false
149168932,Sphegina elegans,Storhornet Barksvirreflue,Danish,false
149168932,Sphegina elegans,Beekbronzweefvlieg,Dutch; Flemish,true
149169119,Sphegina latifrons,Breitstirn-taillenschwebfliege,German,false
149169119,Sphegina latifrons,Sárgasörtéjű Karcsúlégy,Hungarian,true
149169627,Criorhina ranunculi,Große Pelzschwebfliege,German,false
149169627,Criorhina ranunculi,Hommelwoudzwever,Dutch; Flemish,false
149169627,Criorhina ranunculi,Humlelik Pälsblomfluga,Swedish,false
149169627,Criorhina ranunculi,Nagy Szőrméslégy,Hungarian,false
149169627,Criorhina ranunculi,Svart Pelsblomsterflue,Norwegian,false
149169627,Criorhina ranunculi,Large Bear Hoverfly,English,true
149169687,Pelecocera lusitanica,Braune Tellerhornschwebfliege,German,false
149169687,Pelecocera lusitanica,Dværgsvirreflue,Danish,false
149169687,Pelecocera lusitanica,Kanervapelori,Finnish,false
149169687,Pelecocera lusitanica,Duinheidedwerg,Dutch; Flemish,true
149169708,Pelecocera caledonica,Hietapelori,Finnish,false
149169708,Pelecocera caledonica,Sølvflekket Småblomsterflue,"Bokmål, Norwegian; Norwegian Bokmål",false
149169708,Pelecocera caledonica,Sølvflekket Småblomsterfluge,"Norwegian Nynorsk; Nynorsk, Norwegian",false
149169708,Pelecocera caledonica,Verdwenen Heidedwerg,Dutch; Flemish,true
149169986,Callicera macquarti,Красновуска Маккара,Ukrainian,false
149169986,Callicera macquarti,Geschoren Glanszweefvlieg,Dutch; Flemish,true
149170036,Brachypalpus laphriformis,Braune Mulmschwebfliege,German,false
149170036,Brachypalpus laphriformis,Brun Råtevedblomsterflue,"Bokmål, Norwegian; Norwegian Bokmål",false
149170036,Brachypalpus laphriformis,Brun Ròtevedblomsterfluge,"Norwegian Nynorsk; Nynorsk, Norwegian",false
149170036,Brachypalpus laphriformis,Bruntræsmuldsvirreflue,Danish,false
149170036,Brachypalpus laphriformis,Brun Træsmuldsvirreflue,Danish,false
149170036,Brachypalpus laphriformis,Gevlekte Molmzweefvlieg,Dutch; Flemish,false
149170036,Brachypalpus laphriformis,Mehiläispuuhari,Finnish,false
149170036,Brachypalpus laphriformis,Brun Mulmblomfluga,Swedish,true
149170573,Cheilosia semifasciata,bergknappflue,Norwegian,false
149170573,Cheilosia semifasciata,Varjúháj bronzlégy,Hungarian,true
149171321,Brachyopa grunewaldensis,Woudsapzweefvlieg,Dutch; Flemish,true
149171603,Sericomyia bombiformis,Gelbe Bärenschwebfliege,German,false
149171603,Sericomyia bombiformis,Gulbjørnesvirreflue,Danish,false
149171603,Sericomyia bombiformis,Gulstripet Bjørneblomsterflue,"Bokmål, Norwegian; Norwegian Bokmål",false
149171603,Sericomyia bombiformis,Gulstripet Bjørneblomsterfluge,"Norwegian Nynorsk; Nynorsk, Norwegian",false
149171603,Sericomyia bombiformis,Grote Fophommel,Dutch; Flemish,true
149171636,Sericomyia superbiens,Braune Bärenschwebfliege,German,false
149171636,Sericomyia superbiens,Brun Björnblomfluga,Swedish,false
149171636,Sericomyia superbiens,Brunbjørnesvirreflue,Danish,false
149171636,Sericomyia superbiens,Gele Fophommel,Dutch; Flemish,true
149171833,Chrysotoxum fasciolatum,Bergfopwesp,Dutch; Flemish,false
149171833,Chrysotoxum fasciolatum,Prężec Paskowany,Polish,false
149171833,Chrysotoxum fasciolatum,Pulleasarvikirvari,Finnish,false
149171833,Chrysotoxum fasciolatum,Stor Vepseblomsterflue,Norwegian,false
149171833,Chrysotoxum fasciolatum,Större Getingfluga,Swedish,true
149172712,Criorhina asilica,Bienen-pelzschwebfliege,German,false
149172712,Criorhina asilica,Bijwoudzwever,Dutch; Flemish,false
149172712,Criorhina asilica,Bi-pelssvirreflue,Danish,false
149172712,Criorhina asilica,Brun Pelsblomsterflue,Norwegian,false
149172712,Criorhina asilica,Hallonblomfluga,Swedish,false
149172712,Criorhina asilica,Méhalakú Szőrméslégy,Hungarian,false
149172712,Criorhina asilica,Paarmapuuhari,Finnish,false
149172712,Criorhina asilica,Pale-banded Bear Hoverfly,English,true
149170583,Psilota exilistyla,Spichtige Sitsbek,Dutch; Flemish,true
149170677,Psilota anthracina,Eikenspitsbek,Dutch; Flemish,false
149170677,Psilota anthracina,Anthracine Hoverfly,English,true
174246,Pelopidas thrax,Millet Skipper,English,false
174246,Pelopidas thrax,Witmerk-ratsvlieër,Afrikaans,false
174246,Pelopidas thrax,White-banded Swift,English,true
174379,Vanessa cardui,Sondagsrokkie,Afrikaans,false
174379,Vanessa cardui,Painted Lady,English,true
174361,Freyeria trochylus,Grasjuweeltjie,Afrikaans,false
174361,Freyeria trochylus,Grass Jewel,English,true
174427,Lampides boeticus,Long-tailed Blue,English,false
174427,Lampides boeticus,Lusern-bloutjie,Afrikaans,false
174427,Lampides boeticus,Pea Blue,English,true
174289,Cacyreus marshalli,Geranium Bronze,English,false
174289,Cacyreus marshalli,Pelargonium Butterfly,English,false
174289,Cacyreus marshalli,Malvabloutjie,Afrikaans,false
174289,Cacyreus marshalli,Common Geranium Bronze,English,true
3334,Buprestis splendens,Goldstreifiger,English,false
174225,Vanessa atalanta,Red Admiral,English,true
174452,Nymphalis antiopa,Camberwell Beauty,English,false
174452,Nymphalis antiopa,Mourning Cloak,English,true
44710000,Ancistrura nigrovittata,Blackwinged Saw Bush-cricket,English,true
68441316,Myrmecophilus hirticaudus,Rough-tailed Ant-cricket,English,true
17046338,Orchamus kaltenbachi,Karpathos Stone Grasshopper,English,true
44697976,Paranocarodes chopardi,Chopard's Stone Grasshopper,English,true
68451913,Pholidoptera macedonica,Macedonian Dark Bush-cricket,English,true
17181904,Poecilimon artedentatus,Pelopponesian Bright Bush-cricket,English,true
17182024,Poecilimon hoelzeli,Macedonian Bright Bush-cricket,English,true
68462331,Psorodonotus fieberi,Fieber's Walking Bush-cricket,English,true
70613909,Tettigonia balcanica,Balkan Green Bush-cricket,English,true
68486352,Vichetia oblongicollis,Oblong Meadow Bush-cricket,English,true
180450141,Leptotes pirithous ssp. pirithous,Gewone-ertjiebloutjie,Afrikaans,false
180450141,Leptotes pirithous ssp. pirithous,Common Zebra Blue,English,true
63226,Cordulegaster helladica ssp. buchholzi,Cordulegastre des Cyclades,French,false
63226,Cordulegaster helladica ssp. buchholzi,Griechische Quelljungfer,German,false
63226,Cordulegaster helladica ssp. buchholzi,Buchholz' Cordulegaster,English,true
165533,Cordulegaster helladica ssp. helladica,Greek Goldenring,English,false
165533,Cordulegaster helladica ssp. helladica,Cordulegastre de Gréce,French,false
165533,Cordulegaster helladica ssp. helladica,Griechische Quelljungfer,German,false
63227,Cordulegaster helladica ssp. kastalia,Cordulégastre de Delphi,French,false
63227,Cordulegaster helladica ssp. kastalia,Griechische Quelljungfer,German,false
63227,Cordulegaster helladica ssp. kastalia,Delphi Cordulegaster,English,true
165505,Calopteryx virgo,Blå jungfruslända,Swedish,false
165505,Calopteryx virgo,Blauflügel-Prachtlibelle,German,false
165505,Calopteryx virgo,Bosbeekjuffer,Dutch; Flemish,false
165505,Calopteryx virgo,Caloptéryx vierge,French,false
165505,Calopteryx virgo,Crna sjajna devica,Serbian,false
165505,Calopteryx virgo,Damisela añil,Spanish; Castilian,false
165505,Calopteryx virgo,Damisel·la blava,Catalan; Valencian,false
165505,Calopteryx virgo,Modra konjska smrt,Croatian,false
165505,Calopteryx virgo,Modra vila,Bosnian,false
165505,Calopteryx virgo,Modri bleščavec,Slovenian,false
165505,Calopteryx virgo,Motýlice obecná,Czech,false
165505,Calopteryx virgo,Splendente di fonte,Italian,false
165505,Calopteryx virgo,Świtezianka dziewica,Polish,false
165505,Calopteryx virgo,"Vajza e bukur fluturuese, pilivesa e shkëlqyer",Albanian,false
165505,Calopteryx virgo,Красотка блестящая,Russian,false
165505,Calopteryx virgo,Красуня блискуча,Ukrainian,false
165505,Calopteryx virgo,Синьо ромолниче,Bulgarian,false
165505,Calopteryx virgo,Beautiful Demoiselle,English,true
174464,Zizeeria knysna,African Grass Blue,English,true
174447,Gegenes pumilio,Pigmy Skipper,English,true
174286,Leptotes pirithous,Common Zebra Blue,English,false
174286,Leptotes pirithous,Lang’s Short-tailed Blue,English,true
174451,Ypthima asterope,African Ringlet,English,true
174455,Danaus chrysippus,African Monarch,English,false
174455,Danaus chrysippus,African Queen,English,false
174455,Danaus chrysippus,Common Tiger,English,false
174455,Danaus chrysippus,Plain Tiger,English,true
