subspeciesname	Order	n_locations	n_sites	eoo	eoo_overlap	eoo_natura	eoo_wildlife	aoo	aoo_natura	aoo_wildlife	potentially_VU	potentially_EN	potentially_CR	paca	iucn	threatened	gbif	gbif_id	class	family	genus	kingdom	order	phylum	species	subspecies
Blaps cretensis	Coleoptera	17	34	5762.15605335928	4834.44057575979	1620.87606129596	358.553443730641	76.3593608677002	46.8190192970483	10.4386899863337	FALSE	FALSE	FALSE	LNT	NT/LC	FALSE	8279505	8279505	Insecta	Tenebrionidae	Blaps	Animalia	Coleoptera	Arthropoda	NA	NA
Calathus oertzeni jeanne	Coleoptera	17	135	4718.91780986944	4168.88692221302	1333.99630465989	302.852255574748	136.462433638346	118.048183615876	22.076746172788	FALSE	FALSE	FALSE	LNT	NT/LC	FALSE	5755389	5755389	Insecta	Carabidae	Calathus	Animalia	Coleoptera	Arthropoda	Calathus oertzeni	NA
Carabus banoni	Coleoptera	63	407	14226.0492082031	8023.80935333498	2210.44252681348	560.445301352638	552.227646582206	264.342756514946	72.3045842406122	FALSE	FALSE	FALSE	LNT	NT/LC	FALSE	NA	NA	NA	NA	NA	NA	NA	NA	NA	NA
Chaetopelma lymberakisi	Araneae	6	11	3540.05275830531	3380.30219231142	1351.03995392442	253.937376998136	28.1065698298014	19.195241879776	3.12892831133846	TRUE	FALSE	FALSE	PT	VU	TRUE	10380830	10380830	Arachnida	Theraphosidae	Chaetopelma	Animalia	Araneae	Arthropoda	Chaetopelma lymberakisi	NA
Dailognatha cylindritarsis	Coleoptera	19	31	7692.04104201699	4660.58644135251	1637.26200793453	392.280415472293	104.101058572162	46.228726711546	8.81534546249238	FALSE	FALSE	FALSE	LNT	NT/LC	FALSE	4455360	4455360	Insecta	Tenebrionidae	Dailognatha	Animalia	Coleoptera	Arthropoda	Dailognatha cylindritarsis	NA
Dailognatha quadricollis rugata	Coleoptera	72	260	11963.0282754383	8017.0244902336	2187.16404916671	549.502516441921	684.313843198299	240.431200937155	70.7935521868495	FALSE	FALSE	FALSE	LNT	NT/LC	FALSE	4455354	4455354	Insecta	Tenebrionidae	Dailognatha	Animalia	Coleoptera	Arthropoda	Dailognatha quadricollis	Dailognatha quadricollis rugata
Dendarus opacus	Coleoptera	22	151	3296.71253624645	2331.18352153885	767.307092332868	126.450700455521	256.740902106054	183.083974279195	18.345260079445	FALSE	FALSE	FALSE	LNT	NT/LC	FALSE	8827055	8827055	Insecta	Tenebrionidae	Dendarus	Animalia	Coleoptera	Arthropoda	Dendarus opacus	NA
Dysdera gigas	Araneae	11	11	5741.19392444985	4685.08530490223	1495.76004330327	314.630350309694	44.1691983295657	13.3332111483033	1.67294791177955	FALSE	FALSE	FALSE	LNT	NT/LC	FALSE	2139470	2139470	Arachnida	Dysderidae	Dysdera	Animalia	Araneae	Arthropoda	Dysdera gigas	NA
Euscorpius candiota	Scorpiones	88	470	14933.6873970957	8208.94950025874	2277.26019957924	566.345728697524	991.727111474682	454.899635938114	109.102802330349	FALSE	FALSE	FALSE	LNT	NT/LC	FALSE	4553812	4553812	Arachnida	Euscorpiidae	Euscorpius	Animalia	Scorpiones	Arthropoda	Euscorpius candiota	NA
Gryllomorpha cretensis	Orthoptera	55	221	11656.2917996594	7179.8078248116	2043.87861693629	533.00801259459	444.173793610767	214.071279642849	67.1826802674675	FALSE	FALSE	FALSE	LNT	NT/LC	FALSE	NA	NA	NA	NA	NA	NA	NA	NA	NA	NA
Harpactea coccifera	Araneae	17	20	6063.56455385479	5400.45872036432	1747.73328919394	415.754205353847	79.9677877528196	30.9944703858586	5.81956026880748	FALSE	FALSE	FALSE	LNT	NT/LC	FALSE	2139121	2139121	Arachnida	Dysderidae	Harpactea	Animalia	Araneae	Arthropoda	Harpactea coccifera	NA
Megaphyllum cretica	Diplopoda	33	85	9756.80732393922	6138.39979531992	1876.24104074545	431.377773955505	200.058366950152	113.986477388802	33.1265745819729	FALSE	FALSE	FALSE	LNT	NT/LC	FALSE	4986157	4986157	Diplopoda	Julidae	Italoiulus	Animalia	Julida	Arthropoda	Italoiulus creticus	NA
Pogonocherus creticus	Coleoptera	3	3	525.92838949695	490.338582565102	86.5412393818654	28.6943784685181	12.0182186990439	1.61380867157247	0	TRUE	TRUE	FALSE	LT	EN	TRUE	1133749	1133749	Insecta	Cerambycidae	Pogonocherus	Animalia	Coleoptera	Arthropoda	Pogonocherus creticus	NA
Raiboscelis corvinus corvinus	Coleoptera	48	156	12991.5708751912	8161.73200545913	2242.62343303547	587.256725472798	429.933827853284	213.330881554902	68.9321843519334	FALSE	FALSE	FALSE	LNT	NT/LC	FALSE	7343267	7343267	Insecta	Tenebrionidae	Raiboscelis	Animalia	Coleoptera	Arthropoda	Raiboscelis corvinus	Raiboscelis corvinus corvinus
Scolopendra cretica	Chilopoda	88	469	16325.4705788115	8246.79826588882	2284.09293219502	571.973930694488	955.844042336723	414.819864178105	124.903465194852	FALSE	FALSE	FALSE	LNT	NT/LC	FALSE	NA	NA	NA	NA	NA	NA	NA	NA	NA	NA
Tapinopterus creticus	Coleoptera	47	367	10542.3856523896	6690.14355356864	2020.97272531325	464.783106997534	467.767554211219	251.68083138537	52.3406785956289	FALSE	FALSE	FALSE	LNT	NT/LC	FALSE	4472274	4472274	Insecta	Carabidae	Tapinopterus	Animalia	Coleoptera	Arthropoda	Tapinopterus creticus	NA
Troglophilus spinulosus	Orthoptera	58	273	12157.019184115	7647.14085615925	2137.01289384995	531.942204005235	439.853751766753	199.765368147202	65.2906696843796	FALSE	FALSE	FALSE	LNT	NT/LC	FALSE	NA	NA	NA	NA	NA	NA	NA	NA	NA	NA
Zelotes daidalus	Araneae	16	24	12052.4515310638	7802.44407651003	2161.27811865942	548.356705343272	91.9868172411181	34.9338862511312	14.8636063176112	FALSE	FALSE	FALSE	LNT	NT/LC	FALSE	2132501	2132501	Arachnida	Gnaphosidae	Zelotes	Animalia	Araneae	Arthropoda	Zelotes shaked	NA
Hydraena subinura	Coleoptera	11	13	6508.07315952394	5834.83682431986	1882.33682348887	413.557178424055	51.9898467580912	8.49888301366418	1.05909613163641	FALSE	FALSE	FALSE	LNT	NT/LC	FALSE	5748077	5748077	Insecta	Hydraenidae	Hydraena	Animalia	Coleoptera	Arthropoda	Hydraena subinura	NA
Jekelius brullei creticus	Coleoptera	34	96	7183.2501722425	5908.88524159586	1814.73038700893	383.204245778112	248.840633157947	146.433934892074	46.5001650313142	FALSE	FALSE	FALSE	LNT	NT/LC	FALSE	4425651	4425651	Insecta	Geotrupidae	Jekelius	Animalia	Coleoptera	Arthropoda	Jekelius brullei	Jekelius brullei creticus
Malthonica minoa	Araneae	16	20	7515.06280883672	5920.1524005242	1754.1601100428	399.546212017617	84.2512805171937	26.8626542221979	5.96901353653967	FALSE	FALSE	FALSE	LNT	NT/LC	FALSE	2139625	2139625	Arachnida	Agelenidae	Malthonica	Animalia	Araneae	Arthropoda	Malthonica minoa	NA
Zabrus oertzeni	Coleoptera	2	2	NA	NA	NA	NA	8.03091266306886	5.67229085455621	0	TRUE	TRUE	FALSE	LT	EN	TRUE	4473175	4473175	Insecta	Carabidae	Zabrus	Animalia	Coleoptera	Arthropoda	Zabrus oertzeni	NA
Eupholidoptera latens	Orthoptera	14	47	1188.93908667215	1107.15262344014	431.968438470465	72.3279506972359	160.425076847052	98.9617051346931	18.4990567654367	FALSE	FALSE	FALSE	LNT	NT/LC	FALSE	1690241	1690241	Insecta	Tettigoniidae	Eupholidoptera	Animalia	Orthoptera	Arthropoda	Eupholidoptera latens	NA
Maimuna cretica	Araneae	52	74	9303.93711960607	6897.92976433752	1897.59949372938	460.120857064473	313.06041124782	100.002912932941	20.2537719639475	FALSE	FALSE	FALSE	LNT	NT/LC	FALSE	2139640	2139640	Arachnida	Agelenidae	Maimuna	Animalia	Araneae	Arthropoda	Maimuna cretica	NA
Platyderus jedlickai	Coleoptera	25	57	6286.7406398181	5544.26880649659	1661.09032210352	355.526564640018	128.014824518739	65.6517908545439	22.0946279782849	FALSE	FALSE	FALSE	LNT	NT/LC	FALSE	7793842	7793842	Insecta	Carabidae	Platyderus	Animalia	Coleoptera	Arthropoda	Platyderus jedlickai	NA
Tychus reitterianus	Coleoptera	23	37	3604.5963399928	3411.96212925242	1212.12979764789	181.512441752815	159.887430541828	72.904775732192	13.5502160898231	FALSE	FALSE	FALSE	LNT	NT/LC	FALSE	4442280	4442280	Insecta	Staphylinidae	Tychus	Animalia	Coleoptera	Arthropoda	Tychus reitterianus	NA
Acanthopetalum minotauri	Diplopoda	30	104	6859.91617223051	5687.68104914932	1541.62018088253	336.62801754957	172.733217731651	65.2655978919409	34.4177791043001	FALSE	FALSE	FALSE	LNT	NT/LC	FALSE	1011788	1011788	Diplopoda	Schizopetalidae	Acanthopetalum	Animalia	Callipodida	Arthropoda	Acanthopetalum minotauri	NA
Acmaeodera flavolineata piloselloides	Coleoptera	33	45	9614.48950321901	7290.21217343145	1968.57104037805	481.61325626129	172.697792266844	62.2448495038323	10.1616952947245	FALSE	FALSE	FALSE	LNT	NT/LC	FALSE	4431365	4431365	Insecta	Buprestidae	Acmaeodera	Animalia	Coleoptera	Arthropoda	Acmaeodera flavolineata	Acmaeodera flavolineata piloselloides
Acmaeodera saxicola minoa	Coleoptera	24	38	6958.85918971442	5811.33968955555	1774.31449184386	421.312724366845	164.626674818381	62.9129626574166	15.9421259853961	FALSE	FALSE	FALSE	LNT	NT/LC	FALSE	4431428	4431428	Insecta	Buprestidae	Acmaeodera	Animalia	Coleoptera	Arthropoda	Acmaeodera saxicola	Acmaeodera saxicola minoa
Anthaxia schoenmanni	Coleoptera	30	32	8814.3649699782	6666.68887563253	1875.93010234842	435.669103344064	148.589363211951	35.84045495329	11.9483294322032	FALSE	FALSE	FALSE	LNT	NT/LC	FALSE	4431853	4431853	Insecta	Buprestidae	Anthaxia	Animalia	Coleoptera	Arthropoda	Anthaxia schoenmanni	NA
Dailognatha quadricollis plicata	Coleoptera	7	29	2713.46752329498	1519.30126856608	734.880737511404	116.234754023529	72.0115236211771	41.7223758059972	3.75878601568436	TRUE	FALSE	FALSE	PT	VU	TRUE	4455348	4455348	Insecta	Tenebrionidae	Dailognatha	Animalia	Coleoptera	Arthropoda	Dailognatha quadricollis	Dailognatha quadricollis plicata
Dendarus falassarnensis	Coleoptera	1	2	NA	NA	NA	NA	4.00383169602605	0.121034420104127	0	TRUE	TRUE	TRUE	LT	CR	TRUE	8896694	8896694	Insecta	Tenebrionidae	Dendarus	Animalia	Coleoptera	Arthropoda	Dendarus falassarnensis	NA
Harpactea cressa	Araneae	26	32	8183.45542826778	6136.76923293089	1670.48495323755	377.743048412401	127.909431259067	41.9493863207977	8.87240273581322	FALSE	FALSE	FALSE	LNT	NT/LC	FALSE	2139044	2139044	Arachnida	Dysderidae	Harpactea	Animalia	Araneae	Arthropoda	Harpactea cressa	NA
Heliophanus creticus	Araneae	24	33	4905.79047695201	4413.87990210078	1519.6441517501	301.88875773898	148.504185173089	48.4296936766825	13.3014177159858	FALSE	FALSE	FALSE	LNT	NT/LC	FALSE	2171990	2171990	Arachnida	Salticidae	Heliophanus	Animalia	Araneae	Arthropoda	Heliophanus creticus	NA
Monomorium creticum	Hymenoptera	46	81	10403.6641948358	7038.87123223409	2035.91574572329	505.902220198154	320.033463183757	138.971797193113	61.6788949488502	FALSE	FALSE	FALSE	LNT	NT/LC	FALSE	NA	NA	NA	NA	NA	NA	NA	NA	NA	NA
Poecilimon cretensis	Orthoptera	43	127	12660.41289232	7677.61260160323	2130.12006319376	535.316072306906	320.006172402267	161.921750510107	48.9271232665016	FALSE	FALSE	FALSE	LNT	NT/LC	FALSE	1688283	1688283	Insecta	Tettigoniidae	Poecilimon	Animalia	Orthoptera	Arthropoda	Poecilimon cretensis	NA
Zelotes chaniaensis	Araneae	12	14	6518.3922540828	5087.08604443711	1455.94371595996	311.538542488524	52.1819640800042	23.5059017969292	2.2038992482712	FALSE	FALSE	FALSE	LNT	NT/LC	FALSE	7472497	7472497	Arachnida	Gnaphosidae	Zelotes	Animalia	Araneae	Arthropoda	Zelotes chaniaensis	NA
Dendarus grampusanus	Coleoptera	1	4	0	0	0	0	3.99861639461435	0.649784763492907	0	TRUE	TRUE	TRUE	LT	CR	TRUE	8979961	8979961	Insecta	Tenebrionidae	Dendarus	Animalia	Coleoptera	Arthropoda	Dendarus grampusanus	NA
Rhodostrophia cretacaria	Lepidoptera	12	12	4240.07162552563	3721.89503846122	1255.07946124882	222.304817254609	52.1621559392939	12.3897073678331	0.462213922362399	FALSE	FALSE	FALSE	LNT	NT/LC	FALSE	1966983	1966983	Insecta	Geometridae	Rhodostrophia	Animalia	Lepidoptera	Arthropoda	Rhodostrophia cretacaria	NA
Zelotes minous	Araneae	8	10	11128.0265257809	7029.5129922979	2032.28369199792	507.956468414399	39.9523913635431	17.5477968843617	0.193180438738507	TRUE	FALSE	FALSE	PT	VU	TRUE	2132376	2132376	Arachnida	Gnaphosidae	Zelotes	Animalia	Araneae	Arthropoda	Zelotes minous	NA
Pholcus creticus	Araneae	7	7	3415.55665462565	2974.1985015355	1026.57770012326	173.055910672898	28.0984043651344	13.9690832355629	1.55362913171391	TRUE	FALSE	FALSE	PT	VU	TRUE	2149997	2149997	Arachnida	Pholcidae	Pholcus	Animalia	Araneae	Arthropoda	Pholcus creticus	NA
Stenopterus creticus	Coleoptera	24	39	5901.30140545598	5306.71576783067	1744.21557199692	397.418970253457	135.931589771394	35.5036594786748	21.0289391719223	FALSE	FALSE	FALSE	LNT	NT/LC	FALSE	5005600	5005600	Insecta	Cerambycidae	Stenopterus	Animalia	Coleoptera	Arthropoda	Stenopterus creticus	NA
Stictoleptura cordigera anojiaensis	Coleoptera	16	28	3128.9772808882	3126.32476522369	1410.98104999111	312.756391385718	87.9741019704255	30.7424778429661	11.0347327458748	FALSE	FALSE	FALSE	LNT	NT/LC	FALSE	NA	NA	NA	NA	NA	NA	NA	NA	NA	NA
Strigopteroides margotanae	Coleoptera	2	3	0	0	0	0	8.03247323578394	0.00355305338632193	0	TRUE	TRUE	FALSE	LT	EN	TRUE	5744410	5744410	Insecta	Buprestidae	Strigopteroides	Animalia	Coleoptera	Arthropoda	Strigopteroides margotanae	NA
Strongylogaster cretensis	Hymenoptera	12	16	1824.09625791641	1652.30943581415	546.700201097201	84.063435567302	68.1925305320706	28.134693173383	4.86816474982587	FALSE	FALSE	FALSE	LNT	NT/LC	FALSE	9143465	9143465	Insecta	Tenthredinidae	Strongylogaster	Animalia	Hymenoptera	Arthropoda	Strongylogaster multifasciata	NA
Theridion helena	Araneae	27	36	7673.54782888695	6009.37933687476	1839.94766842703	453.831340135106	160.752217603325	54.8826475455052	10.1048069927201	FALSE	FALSE	FALSE	LNT	NT/LC	FALSE	8134855	8134855	Arachnida	Theridiidae	Theridion	Animalia	Araneae	Arthropoda	Theridion helena	NA
Trichoferus bergeri	Coleoptera	8	9	4127.68526247123	3940.54240034346	1494.44420585365	331.396366566372	35.961253998038	6.68735834727237	5.40355077271794e-4	TRUE	FALSE	FALSE	PT	VU	TRUE	1151419	1151419	Insecta	Cerambycidae	Trichoferus	Animalia	Coleoptera	Arthropoda	Trichoferus bergeri	NA
Zodarion spinibarbe	Araneae	40	50	8436.64113720762	6715.45676848521	1871.54617703132	466.174847871829	204.923773709641	43.3087540675291	12.4819775651858	FALSE	FALSE	FALSE	LNT	NT/LC	FALSE	6719813	6719813	Arachnida	Zodariidae	Zodarion	Animalia	Araneae	Arthropoda	Zodarion spinibarbe	NA
Agapanthia cynarae michaeli	Coleoptera	13	18	4031.5934489904	3954.32269382674	1597.67997922023	325.015370843007	64.0365411523387	16.7434556949168	3.73949499280616	FALSE	FALSE	FALSE	LNT	NT/LC	FALSE	NA	NA	NA	NA	NA	NA	NA	NA	NA	NA
Alevonota cretica	Coleoptera	10	13	1888.47286741914	1852.87876289046	854.094787774061	106.699686510281	63.9928760742514	39.858837244231	7.64478676925343	TRUE	FALSE	FALSE	PT	VU	TRUE	10590676	10590676	Insecta	Staphylinidae	Alevonota	Animalia	Coleoptera	Arthropoda	Alevonota cretica	NA
Allotyphlus foedatus	Coleoptera	7	19	653.742859209994	653.742859209994	350.794305129848	14.4449711820047	64.1704822486933	19.6900287805729	2.58720828409858	TRUE	FALSE	FALSE	PT	VU	TRUE	11183727	11183727	Insecta	Staphylinidae	Allotyphlus	Animalia	Coleoptera	Arthropoda	Allotyphlus foedatus	NA
Aloconota brachyptera	Coleoptera	4	4	588.381280158008	588.381280158008	298.560982668489	55.3710102698834	19.9939483574581	16.4714473933269	4.35365749074465	TRUE	TRUE	FALSE	LT	EN	TRUE	10332019	10332019	Insecta	Staphylinidae	Aloconota	Animalia	Coleoptera	Arthropoda	Aloconota brachyptera	NA
Amauronyx occidens	Coleoptera	1	2	NA	NA	NA	NA	12.0319355947468	11.6339680654105	0.0904260627200587	TRUE	TRUE	TRUE	LT	CR	TRUE	11136689	11136689	Insecta	Staphylinidae	Amauronyx	Animalia	Coleoptera	Arthropoda	Amauronyx occidens	NA
Aneugmenus oertzeni	Hymenoptera	9	13	1305.36568944262	1133.57886734043	294.237730383353	39.4416598716441	48.1241354663133	21.8007841168805	0.363216062296487	TRUE	FALSE	FALSE	PT	VU	TRUE	4491142	4491142	Insecta	Tenthredinidae	Aneugmenus	Animalia	Hymenoptera	Arthropoda	Aneugmenus oertzeni	NA
Astenus minos	Coleoptera	2	4	20.8803060189621	20.8803060189621	3.73292439317335	1.54034675296092	16.0513959039744	12.0379984126019	0.363020108310868	TRUE	TRUE	FALSE	LT	EN	TRUE	9985532	9985532	Insecta	Staphylinidae	Astenus	Animalia	Coleoptera	Arthropoda	Astenus minos	NA
Beraeamyia aphyrte	Trichoptera	8	9	1102.2607917636701	1102.2607917636701	552.241926216711	58.3835983019574	40.1107250192902	15.5293995815248	4.19443653567818	TRUE	FALSE	FALSE	PT	VU	TRUE	1435252	1435252	Insecta	Beraeidae	Beraeamyia	Animalia	Trichoptera	Arthropoda	Beraeamyia aphyrte	NA
Bryaxis meybohmianus	Coleoptera	10	32	1585.46535393863	1548.57792658835	683.677755568755	68.4680751510368	96.2672676230884	48.5109632997213	1.91289951905121	TRUE	FALSE	FALSE	PT	VU	TRUE	11156718	11156718	Insecta	Staphylinidae	Bryaxis	Animalia	Coleoptera	Arthropoda	Bryaxis meybohmianus	NA
Dendarus graecus	Coleoptera	27	151	4502.82737943844	4177.7043754304505	1526.60269226285	309.230127694288	263.920206839228	225.65060652434	47.1232709076912	FALSE	FALSE	FALSE	LNT	NT/LC	FALSE	9118303	9118303	Insecta	Tenebrionidae	Dendarus	Animalia	Coleoptera	Arthropoda	Dendarus graecus	NA
Deroplia troberti cruciata	Coleoptera	3	4	258.621727136915	252.784223116812	92.2420359909282	0	12.0312835287446	8.59177825027717	0	TRUE	TRUE	FALSE	LT	EN	TRUE	8853777	8853777	Insecta	Cerambycidae	Deroplia	Animalia	Coleoptera	Arthropoda	Deroplia troberti	Deroplia troberti cruciata
Gabrius candicus	Coleoptera	1	1	NA	NA	NA	NA	4.01024114872663	4.01024114872555	0	TRUE	TRUE	TRUE	LT	CR	TRUE	11148194	11148194	Insecta	Staphylinidae	Gabrius	Animalia	Coleoptera	Arthropoda	Gabrius candicus	NA
Hydropsyche rhadamanthys	Trichoptera	21	28	6304.84424721081	5648.37931100847	1740.86654480335	395.722917673404	132.531208797202	39.8421304887793	6.89534581564455	FALSE	FALSE	FALSE	LNT	NT/LC	FALSE	7800733	7800733	Insecta	Hydropsychidae	Hydropsyche	Animalia	Trichoptera	Arthropoda	Hydropsyche rhadamanthys	NA
Hydropsyche sarpedon	Trichoptera	13	18	3133.89744032922	3096.35311330257	1286.99983093869	277.754697031025	79.9182153065073	29.4707875467997	2.59448019369918	FALSE	FALSE	FALSE	LNT	NT/LC	FALSE	8212005	8212005	Insecta	Hydropsychidae	Hydropsyche	Animalia	Trichoptera	Arthropoda	Hydropsyche sarpedon	NA
Isotomus jarmilae	Coleoptera	7	11	468.287584812677	468.287584812677	242.882995023482	34.0236937583903	28.1025880195193	14.3301361979632	3.55195502303839	TRUE	FALSE	FALSE	PT	VU	TRUE	1132842	1132842	Insecta	Cerambycidae	Isotomus	Animalia	Coleoptera	Arthropoda	Isotomus jarmilae	NA
Julodis pubescens yvenii	Coleoptera	37	45	12063.1093563304	7246.23445666277	2073.69242502466	535.2937837459	200.072275567826	43.2973725109431	16.557292259159	FALSE	FALSE	FALSE	LNT	NT/LC	FALSE	NA	NA	NA	NA	NA	NA	NA	NA	NA	NA
Kenotyphlus virgatus	Coleoptera	5	8	318.831582555706	318.831582555748	189.583814282814	0.397368958921382	36.0964787494723	20.1649175709596	1.01556924029863	TRUE	TRUE	FALSE	LT	EN	TRUE	11217275	11217275	Insecta	Staphylinidae	Kenotyphlus	Animalia	Coleoptera	Arthropoda	Kenotyphlus virgatus	NA
Laena oertzeni	Coleoptera	2	2	NA	NA	NA	NA	8.02772152920387	7.00538116009764	2.16458061664581	TRUE	TRUE	FALSE	LT	EN	TRUE	8904616	8904616	Insecta	Tenebrionidae	Laena	Animalia	Coleoptera	Arthropoda	Laena oertzeni	NA
Latipalpis margotana	Coleoptera	8	10	1505.3673600283	1502.89582761279	749.698104222339	107.559702840888	44.1618374669459	12.9305801715497	1.13442554304	TRUE	FALSE	FALSE	PT	VU	TRUE	4432016	4432016	Insecta	Buprestidae	Latipalpis	Animalia	Coleoptera	Arthropoda	Latipalpis margotana	NA
Leptomastax cretica	Coleoptera	10	21	1816.35121749568	1816.35121749568	882.210674023177	153.904098313889	83.9477867172271	70.463068884488	21.4721267092672	TRUE	FALSE	FALSE	PT	VU	TRUE	11209853	11209853	Insecta	Staphylinidae	Leptomastax	Animalia	Coleoptera	Arthropoda	Leptomastax cretica	NA
Medon beroni	Coleoptera	5	11	2044.83057667232	1958.75948410541	795.362612845913	117.98694587562	39.9582305412697	4.1830218580337	0.654044017739201	TRUE	TRUE	FALSE	LT	EN	TRUE	8955463	8955463	Insecta	Staphylinidae	Medon	Animalia	Coleoptera	Arthropoda	Medon beroni	NA
Medon cerrutii	Coleoptera	21	43	3960.99780462522	3781.66493751727	1474.61000320054	259.389060213546	179.811970592693	30.5271362362122	9.5067991772957	FALSE	FALSE	FALSE	LNT	NT/LC	FALSE	9161535	9161535	Insecta	Staphylinidae	Medon	Animalia	Coleoptera	Arthropoda	Medon cerrutii	NA
Myrmecopora fornicata	Coleoptera	2	4	24.7622425887619	24.7622425887619	0	0	20.067068999573	1.34325300669481	1.55771232176677	TRUE	TRUE	FALSE	LT	EN	TRUE	4442366	4442366	Insecta	Staphylinidae	Myrmecopora	Animalia	Coleoptera	Arthropoda	Myrmecopora fornicata	NA
Oxyethira mithi	Trichoptera	12	13	4382.25114985244	4210.5030822426	1438.85662129312	338.155483226162	51.9957049101986	17.3549089983214	0.121760347880828	FALSE	FALSE	FALSE	LNT	NT/LC	FALSE	1432729	1432729	Insecta	Hydroptilidae	Oxyethira	Animalia	Trichoptera	Arthropoda	Oxyethira mithi	NA
Oxypoda retunsa	Coleoptera	7	8	1001.39532348047	1001.39532348041	440.246405839015	79.3031508090736	31.9923539380151	24.0228080701197	3.93142820371192	TRUE	FALSE	FALSE	PT	VU	TRUE	11145049	11145049	Insecta	Staphylinidae	Oxypoda	Animalia	Coleoptera	Arthropoda	Oxypoda retunsa	NA
Pedostrangalia ariadne	Coleoptera	7	13	973.122517058289	973.122517058306	441.858814012462	76.6281109328734	35.9760097214694	13.7091453181575	4.40440220340963	TRUE	FALSE	FALSE	PT	VU	TRUE	1102045	1102045	Insecta	Cerambycidae	Pedostrangalia	Animalia	Coleoptera	Arthropoda	Pedostrangalia ariadne	NA
Phytoecia coerulescens cretensis	Coleoptera	20	31	4182.3124071565	4070.15356635672	1552.13476686969	297.16615284306	108.461047250584	32.8417666294558	6.07287959674976	FALSE	FALSE	FALSE	LNT	NT/LC	FALSE	9022905	9022905	Insecta	Cerambycidae	Phytoecia	Animalia	Coleoptera	Arthropoda	Phytoecia coerulescens	Phytoecia coerulescens cretensis
Pogonocherus perroudi brevipilosus	Coleoptera	1	1	NA	NA	NA	NA	4.01208227394219	0	1.25065297845621	TRUE	TRUE	TRUE	LT	CR	TRUE	4458921	4458921	Insecta	Cerambycidae	Pogonocherus	Animalia	Coleoptera	Arthropoda	Pogonocherus perroudi	Pogonocherus perroudi brevipilosus
Proteinus creticus	Coleoptera	14	32	2773.56995576137	2744.0146762838	1202.74901142131	184.337501933385	119.998855171161	88.6316758942547	13.8916693818998	FALSE	FALSE	FALSE	LNT	NT/LC	FALSE	10217541	10217541	Insecta	Staphylinidae	Proteinus	Animalia	Coleoptera	Arthropoda	Proteinus creticus	NA
Pseudosphegesthes bergeri	Coleoptera	3	5	14.6994974223839	14.6994974224424	10.2869556402636	0.198364747575324	12.0391298869383	8.8414710765982	1.13605808739633	TRUE	TRUE	FALSE	LT	EN	TRUE	1124322	1124322	Insecta	Cerambycidae	Pseudosphegesthes	Animalia	Coleoptera	Arthropoda	Pseudosphegesthes bergeri	NA
Ptosima undecimmaculata metallescens	Coleoptera	16	18	5190.47799576248	4554.38071983089	1458.35515543568	281.546995424864	75.9252317773165	25.1635896201046	8.70335332297067	FALSE	FALSE	FALSE	LNT	NT/LC	FALSE	5744413	5744413	Insecta	Buprestidae	Ptosima	Animalia	Coleoptera	Arthropoda	Ptosima undecimmaculata	Ptosima undecimmaculata metallescens
Scopaeus muehlei	Coleoptera	5	5	2338.80382555509	2332.78826130848	1028.43557329685	193.864125314861	19.9908632630466	7.98636996683754	0.865974300595959	TRUE	TRUE	FALSE	LT	EN	TRUE	4438718	4438718	Insecta	Staphylinidae	Scopaeus	Animalia	Coleoptera	Arthropoda	Scopaeus muehlei	NA
Scydmoraphes ziegleri	Coleoptera	7	8	1825.3573277575	1666.30390825216	643.005849236404	103.951629244551	32.008410870973	6.66990680712822	0.432660791249914	TRUE	FALSE	FALSE	PT	VU	TRUE	9854858	9854858	Insecta	Staphylinidae	Scydmoraphes	Animalia	Coleoptera	Arthropoda	Scydmoraphes ziegleri	NA
Stenichnus aegialioides	Coleoptera	12	16	2402.11930465477	2316.18396206303	986.473643626205	134.492494903958	72.2493094469597	26.2197508800523	2.7528462552419	FALSE	FALSE	FALSE	LNT	NT/LC	FALSE	11164126	11164126	Insecta	Staphylinidae	Stenichnus	Animalia	Coleoptera	Arthropoda	Stenichnus aegialioides	NA
Stenichnus basimpressus	Coleoptera	6	7	766.376257730839	758.562948282039	390.833193564046	57.944587276816	24.0922868330119	17.81365817375	5.06892137943381	TRUE	FALSE	FALSE	PT	VU	TRUE	9095151	9095151	Insecta	Staphylinidae	Stenichnus	Animalia	Coleoptera	Arthropoda	Stenichnus basimpressus	NA
Stictoleptura picticornis	Coleoptera	10	20	2653.82129274611	2651.52773350284	1236.4527892398	243.715073497852	67.9706208078991	39.3539430694199	7.92505842009675	TRUE	FALSE	FALSE	PT	VU	TRUE	NA	NA	NA	NA	NA	NA	NA	NA	NA	NA
Stictoleptura slamai	Coleoptera	5	7	2138.71856946214	2089.97130720671	948.757458337555	199.535159661913	20.0812837453647	10.9233390581672	2.79092604714399	TRUE	TRUE	FALSE	LT	EN	TRUE	NA	NA	NA	NA	NA	NA	NA	NA	NA	NA
Tinodes aligi	Trichoptera	6	12	233.429738204832	233.429738204832	54.9702276135595	4.11152275540507	48.1286558417106	10.5950684473283	2.43909795130882	TRUE	FALSE	FALSE	PT	VU	TRUE	5053669	5053669	Insecta	Psychomyiidae	Tinodes	Animalia	Trichoptera	Arthropoda	Tinodes aligi	NA
Walckenaeria cretaensis	Araneae	19	22	5532.5315657751	4511.43381509581	1478.62608634941	309.227095605177	84.2492924415621	18.9076010245419	6.25975503193288	FALSE	FALSE	FALSE	LNT	NT/LC	FALSE	2134799	2134799	Arachnida	Linyphiidae	Walckenaeria	Animalia	Araneae	Arthropoda	Walckenaeria cretaensis	NA
Xantholinus creticus	Coleoptera	6	7	799.372440331451	799.269465389148	401.905097641349	18.6497030187489	28.0787563222516	13.5754950505524	0.627066758518695	TRUE	FALSE	FALSE	PT	VU	TRUE	NA	NA	NA	NA	NA	NA	NA	NA	NA	NA
Xantholinus erinaceus	Coleoptera	14	19	3773.00266603887	3416.57124747252	1208.49140732666	245.541164905388	72.2275659598581	20.7533221460829	1.01657894771946	FALSE	FALSE	FALSE	LNT	NT/LC	FALSE	10454852	10454852	Insecta	Staphylinidae	Xantholinus	Animalia	Coleoptera	Arthropoda	Xantholinus erinaceus	NA
Boyeria cretensis	Odonata	15	24	3991.51393200002	3773.70799166316	1227.75352536445	232.673174851415	100.348882714015	18.8462302272858	1.55689772271263	FALSE	FALSE	FALSE	LNT	NT/LC	FALSE	1425142	1425142	Insecta	Aeshnidae	Boyeria	Animalia	Odonata	Arthropoda	Boyeria cretensis	NA
Cephennium chanianum	Coleoptera	2	8	99.1134059929747	99.1134059929789	19.0200051217434	0	36.0853087623099	9.4636302518514	0	TRUE	TRUE	FALSE	LT	EN	TRUE	11118206	11118206	Insecta	Staphylinidae	Cephennium	Animalia	Coleoptera	Arthropoda	Cephennium chanianum	NA
Dysderocrates marani	Araneae	8	17	1864.85848701903	1824.26021236243	752.041929911289	115.812874361909	60.1819719919906	45.0255409292737	7.83480462901286	TRUE	FALSE	FALSE	PT	VU	TRUE	2139237	2139237	Arachnida	Dysderidae	Dysderocrates	Animalia	Araneae	Arthropoda	Dysderocrates marani	NA
Harpactea catholica	Araneae	8	10	2011.1762566487	1551.99343114821	520.18552513112	44.450188316437	48.1389725872496	25.0003762500272	6.63203974276439	TRUE	FALSE	FALSE	PT	VU	TRUE	2139015	2139015	Arachnida	Dysderidae	Harpactea	Animalia	Araneae	Arthropoda	Harpactea catholica	NA
Nebrioporus amicorum	Coleoptera	14	15	4076.48634950044	3616.2151483623	1386.50243703118	256.786943328349	64.2329483516104	8.19882341781731	1.74534360124197	FALSE	FALSE	FALSE	LNT	NT/LC	FALSE	6001272	6001272	Insecta	Dytiscidae	Nebrioporus	Animalia	Coleoptera	Arthropoda	Nebrioporus amicorum	NA
Plectrocnemia conspersa keftiu	Trichoptera	7	9	820.59799089578	820.59799089578	352.945135716119	33.0775015369265	44.1078671356963	10.4855813269579	0	TRUE	FALSE	FALSE	PT	VU	TRUE	5053380	5053380	Insecta	Polycentropodidae	Plectrocnemia	Animalia	Trichoptera	Arthropoda	Plectrocnemia conspersa	Plectrocnemia conspersa keftiu
Rhyparochromus creticus	Heteroptera	7	7	3844.07642597913	2380.09916807622	335.00472030472	113.79674519516	28.0972643912503	6.91437620350975	0.228804173495973	TRUE	FALSE	FALSE	PT	VU	TRUE	8897672	8897672	Insecta	Rhyparochromidae	Xanthochilus	Animalia	Hemiptera	Arthropoda	Xanthochilus minusculus	NA
Ryacophila gudrunae	Trichoptera	4	6	114.236432564971	114.236432564971	63.164468902961	26.1175185133566	20.0616265404983	13.4671938880206	1.27603476252554	TRUE	TRUE	FALSE	LT	EN	TRUE	NA	NA	NA	NA	NA	NA	NA	NA	NA	NA
Saitis ariadneae	Araneae	8	9	3297.57132322107	2974.03350851619	1011.02098810465	167.308600415605	36.1405387389249	10.9766854985853	1.32109839699654	TRUE	FALSE	FALSE	PT	VU	TRUE	2174537	2174537	Arachnida	Salticidae	Saitis	Animalia	Araneae	Arthropoda	Saitis ariadneae	NA
Temnothorax proteii	Hymenoptera	23	33	5106.85896559897	4609.37623076962	1394.37099970019	281.552398776489	120.50422887985	42.1499911260466	8.50757665872528	FALSE	FALSE	FALSE	LNT	NT/LC	FALSE	8314083	8314083	Insecta	Formicidae	Temnothorax	Animalia	Hymenoptera	Arthropoda	NA	NA
Perotis margotana	Coleoptera	31	44	6652.36447443619	5805.78760208763	1509.3567052057101	348.558995417561	180.733512524544	26.0585666178431	14.6802892083889	FALSE	FALSE	FALSE	LNT	NT/LC	FALSE	9273780	9273780	Insecta	Buprestidae	Perotis	Animalia	Coleoptera	Arthropoda	Perotis margotanus	NA
Aelurillus leipoldae	Araneae	19	21	9102.50223817256	5866.93757945405	1786.706453221	385.054005600021	84.047008488694	43.9592962451444	8.30853493252393	FALSE	FALSE	FALSE	LNT	NT/LC	FALSE	2168671	2168671	Arachnida	Salticidae	Aelurillus	Animalia	Araneae	Arthropoda	Aelurillus leipoldae	NA
Athripsodes longispinosus paleochora	Trichoptera	6	7	2246.49419175699	1939.17375796727	884.201207971202	174.239126286988	27.991029071265	7.9942039352997	0.649955552910878	TRUE	FALSE	FALSE	PT	VU	TRUE	6262325	6262325	Insecta	Leptoceridae	Athripsodes	Animalia	Trichoptera	Arthropoda	Athripsodes longispinosus	Athripsodes longispinosus paleochora
Calopteryx splendens cretensis	Odonata	10	13	1760.38164111312	1716.80247609091	812.170223542097	173.08093024987	52.1956965215824	13.4817208980533	0.118838749921824	TRUE	FALSE	FALSE	PT	VU	TRUE	7412043	7412043	Insecta	Calopterygidae	Calopteryx	Animalia	Odonata	Arthropoda	Calopteryx splendens	NA
Leptobium creticum	Coleoptera	22	37	3936.19339780236	3763.13618290031	1694.65671789885	318.853967656104	172.016336548783	105.48507394312	16.9436957351386	FALSE	FALSE	FALSE	LNT	NT/LC	FALSE	4439538	4439538	Insecta	Staphylinidae	Leptobium	Animalia	Coleoptera	Arthropoda	Leptobium creticum	NA
Tentyria rotundata paganettii	Coleoptera	7	16	8238.85912791616	5925.48926596341	1911.83197305697	456.75394941549	52.1290412755079	7.82275470300698	4.4678060292697	TRUE	FALSE	FALSE	PT	VU	TRUE	4455427	4455427	Insecta	Tenebrionidae	Tentyria	Animalia	Coleoptera	Arthropoda	Tentyria rotundata	Tentyria rotundata paganettii
Tinodes reisseri	Trichoptera	24	32	6544.2550700248	5830.3690123382	1810.17638745135	431.426732329692	136.017196840492	42.3575860865644	6.1767648976616	FALSE	FALSE	FALSE	LNT	NT/LC	FALSE	5053735	5053735	Insecta	Psychomyiidae	Tinodes	Animalia	Trichoptera	Arthropoda	Tinodes reisseri	NA
Acmaeodera bartoni	Coleoptera	14	23	2682.58851227357	2664.30299513174	1288.93985547107	256.081372261107	91.9696405136416	43.0707524788986	2.97072784452626	FALSE	FALSE	FALSE	LNT	NT/LC	FALSE	4431455	4431455	Insecta	Buprestidae	Acmaeodera	Animalia	Coleoptera	Arthropoda	Acmaeodera bartoni	NA
Acmaeoderella stepaneki	Coleoptera	8	9	4052.32134308385	3862.75724880171	1455.10679210321	273.436116261954	35.9741203379782	13.4644243019494	0.403897599258179	TRUE	FALSE	FALSE	PT	VU	TRUE	4431318	4431318	Insecta	Buprestidae	Acmaeoderella	Animalia	Coleoptera	Arthropoda	Acmaeoderella stepaneki	NA
Anthaxia nigrojubata inexpectata	Coleoptera	8	12	1282.15797674043	1280.56046586877	632.918032257411	103.916260398623	43.9576122636494	25.6238633371599	7.03789324921803	TRUE	FALSE	FALSE	PT	VU	TRUE	6872074	6872074	Insecta	Buprestidae	Anthaxia	Animalia	Coleoptera	Arthropoda	Anthaxia nigrojubata	Anthaxia nigrojubata inexpectata
Aplocera cretica	Lepidoptera	17	18	4154.35669773127	4050.37595654465	1451.38648649662	291.21775724121	68.012977203759	25.525888158263	6.69900806376303	FALSE	FALSE	FALSE	LNT	NT/LC	FALSE	9001841	9001841	Insecta	Geometridae	Aplocera	Animalia	Lepidoptera	Arthropoda	Aplocera cretica	NA
Cephennium selinonum	Coleoptera	1	1	NA	NA	NA	NA	4.01288007500895	0	0	TRUE	TRUE	TRUE	LT	CR	TRUE	11188634	11188634	Insecta	Staphylinidae	Cephennium	Animalia	Coleoptera	Arthropoda	Cephennium selinonum	NA
Cyllecoris ernsti	Heteroptera	3	3	164.825344416482	164.825344416482	75.7678887297068	17.9058256201809	12.0528740435001	4.01981472765258	0	TRUE	TRUE	FALSE	LT	EN	TRUE	4488008	4488008	Insecta	Miridae	Cyllecoris	Animalia	Hemiptera	Arthropoda	Cyllecoris ernsti	NA
Lasius tapinomoides	Hymenoptera	8	9	2548.81319279673	2471.23794144451	1074.03807446952	217.807714216371	39.986845690409	9.18078366764944	4.07480964439113	TRUE	FALSE	FALSE	PT	VU	TRUE	10065782	10065782	Insecta	Formicidae	Lasius	Animalia	Hymenoptera	Arthropoda	Lasius tapinomoides	NA
Macrothele cretica	Araneae	11	16	1248.46916064594	1227.99002305188	546.08711829953	65.6791609027213	60.1980238183243	31.5359546621687	4.9231225339592	FALSE	FALSE	FALSE	LNT	NT/LC	FALSE	2145076	2145076	Arachnida	Macrothelidae	Macrothele	Animalia	Araneae	Arthropoda	Macrothele cretica	NA
Pholcus spiliensis	Araneae	9	13	3218.10698518576	2978.27163638329	1172.21682237934	256.900625754944	44.1837242320396	19.7451213819871	2.41051414125468	TRUE	FALSE	FALSE	PT	VU	TRUE	2150032	2150032	Arachnida	Pholcidae	Pholcus	Animalia	Araneae	Arthropoda	Pholcus spiliensis	NA
Prionobius myardi proksi	Coleoptera	11	15	4155.53503160837	3820.65154360508	1372.0895910438	293.792179789239	55.976322067927	15.6307393458937	7.53655359712207	FALSE	FALSE	FALSE	LNT	NT/LC	FALSE	8930893	8930893	Insecta	Cerambycidae	Prinobius	Animalia	Coleoptera	Arthropoda	Prinobius myardi	Prinobius myardi proksi
Scydmoraphes minotauri	Coleoptera	8	8	1671.56415958143	1659.92193268727	769.442695286857	99.940676057993	31.9786485608301	6.27617178546182	2.27555428214368	TRUE	FALSE	FALSE	PT	VU	TRUE	10177879	10177879	Insecta	Staphylinidae	Scydmoraphes	Animalia	Coleoptera	Arthropoda	Scydmoraphes minotauri	NA
Stenophylax minoicus	Trichoptera	11	14	2538.07309585638	2458.38803945488	858.349076220554	142.902702028889	55.9937272712552	32.2739498860117	4.56352452918349	FALSE	FALSE	FALSE	LNT	NT/LC	FALSE	5054344	5054344	Insecta	Limnephilidae	Stenophylax	Animalia	Trichoptera	Arthropoda	Stenophylax minoicus	NA
Coenagrion intermedium	Odonata	11	13	3407.3363175449	3207.24014071475	832.83145386006	205.13195074884499	52.2024872014925	8.64354199867188	0.465204689097083	FALSE	FALSE	FALSE	LNT	NT/LC	FALSE	1422033	1422033	Insecta	Coenagrionidae	Coenagrion	Animalia	Odonata	Arthropoda	Coenagrion intermedium	NA
Dysdera neocretica	Araneae	3	3	243.242704537154	192.550906278879	13.7219464021719	4.45851972569955	12.039130064601	0	0	TRUE	TRUE	FALSE	LT	EN	TRUE	2139386	2139386	Arachnida	Dysderidae	Dysdera	Animalia	Araneae	Arthropoda	Dysdera neocretica	NA
Pronomaea wunderlei	Coleoptera	3	4	1.9973972292154	1.9973972292154	0.434694656603957	0.00462112228290117	12.0262068494159	3.2093694022619	1.28824168068819	TRUE	TRUE	FALSE	LT	EN	TRUE	10389093	10389093	Insecta	Staphylinidae	Pronomaea	Animalia	Coleoptera	Arthropoda	Pronomaea wunderlei	NA
Zodarion albipatellarae	Araneae	3	3	4219.07909586146	3886.62382947381	1041.23463883747	263.007809948396	12.0034073966941	3.98267447189788	0	TRUE	TRUE	FALSE	LT	EN	TRUE	6719795	6719795	Arachnida	Zodariidae	Zodarion	Animalia	Araneae	Arthropoda	Zodarion albipatellare	NA
Agapanthia probsti	Coleoptera	4	7	138.586447275538	138.586447275565	112.798385845858	0.0139512805203127	20.0541298857578	4.71987018233802	0.0244822731700372	TRUE	TRUE	FALSE	LT	EN	TRUE	NA	NA	NA	NA	NA	NA	NA	NA	NA	NA
Allantus nigrolinearis	Hymenoptera	3	4	424.975556758106	424.975556758084	179.032634068781	42.3240052357	12.0515151240746	5.18572371035452	2.10011240631467	TRUE	TRUE	FALSE	LT	EN	TRUE	9353860	9353860	Insecta	Tenthredinidae	Allantus	Animalia	Hymenoptera	Arthropoda	Allantus laticinctus	NA
Amischa cretica	Coleoptera	2	3	1.05740332682647	1.05740332682647	0.414537357101588	0.0528074441587584	8.00073034729228	8.00073034729184	0	TRUE	TRUE	FALSE	LT	EN	TRUE	11149694	11149694	Insecta	Staphylinidae	Amischa	Animalia	Coleoptera	Arthropoda	Amischa cretica	NA
Anaglyptus praecellens	Coleoptera	5	15	238.007492001588	238.007492001585	238.007492001585	2.14982554292057	44.1480674830327	44.1480674830343	4.87805594733438	TRUE	TRUE	FALSE	LT	EN	TRUE	1160394	1160394	Insecta	Cerambycidae	Anaglyptus	Animalia	Coleoptera	Arthropoda	Anaglyptus praecellens	NA
Anthaxia ariadna	Coleoptera	5	7	670.995314302951	670.995314302952	387.629704224021	47.0719408530348	28.1023202068451	16.0316274998192	0.768825166999595	TRUE	TRUE	FALSE	LT	EN	TRUE	4431800	4431800	Insecta	Buprestidae	Anthaxia	Animalia	Coleoptera	Arthropoda	Anthaxia ariadna	NA
Aphaenogaster cecconii	Hymenoptera	23	32	6231.86636222679	5231.30737836348	1542.99924132975	364.752395666654	111.965813693743	42.1115064314859	11.2765580914494	FALSE	FALSE	FALSE	LNT	NT/LC	FALSE	1315879	1315879	Insecta	Formicidae	Aphaenogaster	Animalia	Hymenoptera	Arthropoda	Aphaenogaster cecconii	NA
Bembidion minoum	Coleoptera	1	2	NA	NA	NA	NA	4.0127015169251	4.0127015169251	0	TRUE	TRUE	TRUE	LT	CR	TRUE	8115368	8115368	Insecta	Carabidae	Bembidion	Animalia	Coleoptera	Arthropoda	Bembidion minoum	NA
Boreaphilus fueschleri	Coleoptera	7	9	868.468675611322	868.468675611322	349.030182982098	64.6055856487475	40.0366509873941	33.5430394081122	4.88313021462266	TRUE	FALSE	FALSE	PT	VU	TRUE	4444495	4444495	Insecta	Staphylinidae	Boreaphilus	Animalia	Coleoptera	Arthropoda	Boreaphilus fuelscheri	NA
Boreaphilus meybohmi	Coleoptera	2	6	2.65713665480687	2.65713665480687	2.65713665480687	0.114347262389399	32.104506063149	32.1045060631464	4.37790876718611	TRUE	TRUE	FALSE	LT	EN	TRUE	10392162	10392162	Insecta	Staphylinidae	Boreaphilus	Animalia	Coleoptera	Arthropoda	Boreaphilus meybohmi	NA
Callimus angulatus glabrescens	Coleoptera	9	18	1602.76836164887	1602.76836164894	739.493851882679	124.883159445513	63.996140471171	52.3709255493378	11.370918375134	TRUE	FALSE	FALSE	PT	VU	TRUE	8744817	8744817	Insecta	Cerambycidae	Callimus	Animalia	Coleoptera	Arthropoda	Callimus angulatus	Callimus angulatus glabrescens
Cataglyphis cretica	Hymenoptera	19	20	7751.85683651866	5158.51559196535	1678.01746226918	384.34560074685203	84.0436189429501	46.4908115105653	15.6353476439425	FALSE	FALSE	FALSE	LNT	NT/LC	FALSE	1319559	1319559	Insecta	Formicidae	Cataglyphis	Animalia	Hymenoptera	Arthropoda	NA	NA
Claviger oertzeni	Coleoptera	2	2	NA	NA	NA	NA	8.03097848817078	8.03097848816917	0	TRUE	TRUE	FALSE	LT	EN	TRUE	NA	NA	NA	NA	NA	NA	NA	NA	NA	NA
Cyclophora ariadne	Lepidoptera	6	7	1523.76986134899	1520.40353900713	783.682200714896	138.250378924979	24.0919861395357	15.6387069245968	4.02153569950957	TRUE	FALSE	FALSE	PT	VU	TRUE	5149668	5149668	Insecta	Geometridae	Cyclophora	Animalia	Lepidoptera	Arthropoda	Cyclophora ariadne	NA
Dailognatha quadricollis montana	Coleoptera	9	57	1213.21397989221	1213.21397989223	722.452225550467	113.898295458314	144.570681353663	142.241101704178	19.5875269201759	TRUE	FALSE	FALSE	PT	VU	TRUE	4455352	4455352	Insecta	Tenebrionidae	Dailognatha	Animalia	Coleoptera	Arthropoda	Dailognatha quadricollis	Dailognatha quadricollis montana
Dichillus obenbergeri	Coleoptera	2	2	NA	NA	NA	NA	8.03128454794872	8.03128454794879	1.87675205565355	TRUE	TRUE	FALSE	LT	EN	TRUE	4456010	4456010	Insecta	Tenebrionidae	Dichillus	Animalia	Coleoptera	Arthropoda	Dichillus obenbergeri	NA
Ennomos duercki	Lepidoptera	3	3	40.0201331607646	40.0201331607393	20.1922094066241	0.340023696085992	11.9939077925727	7.90422781580545	3.98436434924782	TRUE	TRUE	FALSE	LT	EN	TRUE	4524419	4524419	Insecta	Geometridae	Ennomos	Animalia	Lepidoptera	Arthropoda	Ennomos duercki	NA
Eumannia psyloritaria	Lepidoptera	4	4	507.443878916027	507.443878916011	206.802745724734	20.7851183233778	16.0591117649983	9.19125889439727	4.0235473213586	TRUE	TRUE	FALSE	LT	EN	TRUE	1978105	1978105	Insecta	Geometridae	Eumannia	Animalia	Lepidoptera	Arthropoda	Eumannia psyloritaria	NA
Faronus lefkamontium	Coleoptera	2	2	NA	NA	NA	NA	8.0269949701244	8.02699497012356	4.03505942074008	TRUE	TRUE	FALSE	LT	EN	TRUE	11213525	11213525	Insecta	Staphylinidae	Faronus	Animalia	Coleoptera	Arthropoda	Faronus lefkamontium	NA
Faronus meybohmi	Coleoptera	5	12	178.843964063716	178.843964063734	178.843964063734	2.3964383884462	44.1476623523349	42.0986952741551	5.82893875412131	TRUE	TRUE	FALSE	LT	EN	TRUE	11129230	11129230	Insecta	Staphylinidae	Faronus	Animalia	Coleoptera	Arthropoda	Faronus meybohmi	NA
Geostiba icaria	Coleoptera	2	3	1.54112785090391	1.54112785090402	0.786930398288712	0	16.0441268865644	4.03494787002014	0	TRUE	TRUE	FALSE	LT	EN	TRUE	NA	NA	NA	NA	NA	NA	NA	NA	NA	NA
Glossotrophia mentzeri	Lepidoptera	13	17	3779.20511077615	3616.4464962671	1469.12922447505	277.016822007941	56.010304709647	24.244959699657	6.61035894078455	FALSE	FALSE	FALSE	LNT	NT/LC	FALSE	11683262	11683262	Insecta	Geometridae	Glossotrophia	Animalia	Lepidoptera	Arthropoda	Glossotrophia mentzeri	NA
Harpalus sulphuripes creticus	Coleoptera	12	43	1272.30198204172	1272.30198204172	608.90412126187	94.8480477328322	111.964202032773	105.690852651135	11.0431441266708	FALSE	FALSE	FALSE	LNT	NT/LC	FALSE	9134602	9134602	Insecta	Carabidae	Harpalus	Animalia	Coleoptera	Arthropoda	Harpalus sulphuripes	Harpalus sulphuripes creticus
Helops glabriventris jelineki	Coleoptera	5	17	218.671229240197	218.67122924019	211.439967316772	2.2314276378845	44.1703351728686	44.1703351728674	5.54868141016707	TRUE	TRUE	FALSE	LT	EN	TRUE	9216074	9216074	Insecta	Tenebrionidae	Helops	Animalia	Coleoptera	Arthropoda	Helops glabriventris	Helops glabriventris jelineki
Heterarthrus imbrosensis	Hymenoptera	3	4	11.3079246198843	11.3079246198797	11.3079246198797	0.66756483384395	12.0445320290269	10.8243168575596	1.93675045344122	TRUE	TRUE	FALSE	LT	EN	TRUE	8619019	8619019	Insecta	Tenthredinidae	Heterarthrus	Animalia	Hymenoptera	Arthropoda	Heterarthrus imbrosensis	NA
Lobrathium candicum	Coleoptera	6	7	2862.07144833358	2855.21939235629	1009.28816592275	227.741980949554	32.0365626957625	9.26146545391661	0.623045591617042	TRUE	FALSE	FALSE	PT	VU	TRUE	10048846	10048846	Insecta	Staphylinidae	Lobrathium	Animalia	Coleoptera	Arthropoda	Lobrathium candicum	NA
Messor creticus	Hymenoptera	4	6	450.762337764508	450.762337764507	164.557850770091	38.3196316410978	32.0205604427203	28.0409943221868	6.15395014243608	TRUE	TRUE	FALSE	LT	EN	TRUE	10473199	10473199	Insecta	Formicidae	Messor	Animalia	Hymenoptera	Arthropoda	Messor creticus	NA
Myrmecopora plana	Coleoptera	3	5	38.020065736137	38.0200657361527	35.7079705669022	0.715124771697843	20.0751391911231	18.8666195398444	4.23378868990643	TRUE	TRUE	FALSE	LT	EN	TRUE	4442364	4442364	Insecta	Staphylinidae	Myrmecopora	Animalia	Coleoptera	Arthropoda	Myrmecopora plana	NA
Odocnemis cretensis	Coleoptera	16	32	6506.31533965092	4081.78020956016	1435.15894175713	323.763695296725	108.040873230676	91.4680364147832	23.9213535211917	FALSE	FALSE	FALSE	LNT	NT/LC	FALSE	8976681	8976681	Insecta	Tenebrionidae	Odocnemis	Animalia	Coleoptera	Arthropoda	NA	NA
Pareulype lasithiotica	Lepidoptera	3	3	577.008084198338	577.008084198351	289.238591319933	52.9979814555407	12.0501946781347	12.0501946781347	0	TRUE	TRUE	FALSE	LT	EN	TRUE	1975350	1975350	Insecta	Geometridae	Pareulype	Animalia	Lepidoptera	Arthropoda	Pareulype lasithiotica	NA
Pristiphora cretica	Hymenoptera	5	9	413.410935192061	413.410935192061	179.173183904926	35.9923232721149	23.9975740999231	16.5332353311504	2.90815027508869	TRUE	TRUE	FALSE	LT	EN	TRUE	8452078	8452078	Insecta	Tenthredinidae	Pristiphora	Animalia	Hymenoptera	Arthropoda	Pristiphora cretica	NA
Purpuricenus schurmanni	Coleoptera	7	14	1485.82663153452	1485.82663153455	537.12056779123	93.0640150944294	48.1719755312519	37.7818028921685	2.11435682393411	TRUE	FALSE	FALSE	PT	VU	TRUE	NA	NA	NA	NA	NA	NA	NA	NA	NA	NA
Stenichnus brachati	Coleoptera	14	23	2790.93419392838	2611.60132682098	1079.70160474325	166.547810092009	80.0068647460346	56.4176240021912	5.3635100669575	FALSE	FALSE	FALSE	LNT	NT/LC	FALSE	11216333	11216333	Insecta	Staphylinidae	Stenichnus	Animalia	Coleoptera	Arthropoda	Stenichnus brachati	NA
Tapinopterus stepaneki leucaorensis	Coleoptera	2	2	NA	NA	NA	NA	8.02403091304019	8.02403091303926	3.4696212417628	TRUE	TRUE	FALSE	LT	EN	TRUE	4472328	4472328	Insecta	Carabidae	Tapinopterus	Animalia	Coleoptera	Arthropoda	Tapinopterus stepaneki	Tapinopterus stepaneki leukaorensis
Tectusa callicera	Coleoptera	2	3	0.370784126674151	0.370784126674151	0.370784126674151	0.0218795510190728	12.0402934118064	12.0402934118056	3.13504265292443	TRUE	TRUE	FALSE	LT	EN	TRUE	10643910	10643910	Insecta	Staphylinidae	Tectusa	Animalia	Coleoptera	Arthropoda	Tectusa callicera	NA
Temnothorax daidalosi	Hymenoptera	11	14	3242.00938798326	2885.31125815506	1019.18440594905	189.726705170649	60.2183334860509	18.796886453782	7.96428030527421	FALSE	FALSE	FALSE	LNT	NT/LC	FALSE	8314083	8314083	Insecta	Formicidae	Temnothorax	Animalia	Hymenoptera	Arthropoda	NA	NA
Temnothorax minotaurosi	Hymenoptera	2	2	NA	NA	NA	NA	8.03181045627766	6.41180403731394	3.83101698529868	TRUE	TRUE	FALSE	LT	EN	TRUE	8314083	8314083	Insecta	Formicidae	Temnothorax	Animalia	Hymenoptera	Arthropoda	NA	NA
Zabrus oertzeni leukaorensis	Coleoptera	7	31	215.479896403656	215.479896403656	207.536239551566	0.447593169794856	80.2604640395714	71.3071093831009	0.868038413425453	TRUE	FALSE	FALSE	PT	VU	TRUE	9058186	9058186	Insecta	Carabidae	Zabrus	Animalia	Coleoptera	Arthropoda	Zabrus oertzeni	Zabrus oertzeni leukaorensis
Amauronyx chanianus	Coleoptera	1	1	NA	NA	NA	NA	4.01173612606167	0	0	TRUE	TRUE	TRUE	LT	CR	TRUE	11221040	11221040	Insecta	Staphylinidae	Amauronyx	Animalia	Coleoptera	Arthropoda	Amauronyx chanianus	NA
Amauronyx paganettii	Coleoptera	1	1	NA	NA	NA	NA	4.00908013817391	0.350358697291525	0	TRUE	TRUE	TRUE	LT	CR	TRUE	4441280	4441280	Insecta	Staphylinidae	Amauronyx	Animalia	Coleoptera	Arthropoda	Amauronyx paganettii	NA
Batrisodes paganettii	Coleoptera	6	7	2386.1838768527	2263.54761265062	896.493898389862	154.088614862839	24.001943256301	3.99508427075666	3.29923144135415	TRUE	FALSE	FALSE	PT	VU	TRUE	NA	NA	NA	NA	NA	NA	NA	NA	NA	NA
Bembidion subcostatum creticum	Coleoptera	6	8	2152.57427138632	2039.41621966648	677.622626905502	135.323118561668	31.9642670598926	5.38838581189077	0.468278804102795	TRUE	FALSE	FALSE	PT	VU	TRUE	9129427	9129427	Insecta	Carabidae	Bembidion	Animalia	Coleoptera	Arthropoda	Bembidion subcostatum	Bembidion subcostatum creticum
Cephennium meybohmi	Coleoptera	1	1	NA	NA	NA	NA	4.00916831123362	0	0	TRUE	TRUE	TRUE	LT	CR	TRUE	11176474	11176474	Insecta	Staphylinidae	Cephennium	Animalia	Coleoptera	Arthropoda	Cephennium meybohmi	NA
Cretotyphlus chanianus	Coleoptera	1	1	NA	NA	NA	NA	4.009302478104	0.0360417015711639	0	TRUE	TRUE	TRUE	LT	CR	TRUE	11220745	11220745	Insecta	Staphylinidae	Cretotyphlus	Animalia	Coleoptera	Arthropoda	Cretotyphlus chanianus	NA
Geostiba albimontis	Coleoptera	3	6	79.7637282035845	79.7637282035845	73.6989935037896	0.317613219672609	32.1199385572326	15.2132754928757	0	TRUE	TRUE	FALSE	LT	EN	TRUE	10406496	10406496	Insecta	Staphylinidae	Geostiba	Animalia	Coleoptera	Arthropoda	Geostiba albimontis	NA
Quedius sigwalti	Coleoptera	9	12	2953.72647082604	2714.99105490655	912.891887056093	167.541800854285	52.1860402897584	16.9038087526534	2.8461736160022	TRUE	FALSE	FALSE	PT	VU	TRUE	NA	NA	NA	NA	NA	NA	NA	NA	NA	NA
Scydmoraphes fuelscheri	Coleoptera	5	9	1446.6825402588	1370.43182743051	541.998849117403	50.9354874223317	44.1355963482071	5.63288518457112	0.0688482989079611	TRUE	TRUE	FALSE	LT	EN	TRUE	10313218	10313218	Insecta	Staphylinidae	Scydmoraphes	Animalia	Coleoptera	Arthropoda	Scydmoraphes fuelscheri	NA
Stenichnus hummleri	Coleoptera	1	4	8.05773973455922	8.05773973455922	0.327669798593825	0	16.0350103052715	0.313197064743549	0	TRUE	TRUE	TRUE	LT	CR	TRUE	NA	NA	NA	NA	NA	NA	NA	NA	NA	NA
Tychus chanianus	Coleoptera	1	2	NA	NA	NA	NA	4.01072878124013	0.00654437458531748	0	TRUE	TRUE	TRUE	LT	CR	TRUE	11179656	11179656	Insecta	Staphylinidae	Tychus	Animalia	Coleoptera	Arthropoda	Tychus chanianus	NA
Typhlocyptus creticus	Coleoptera	3	5	431.926833764463	431.926833764463	198.541851976403	33.6812487123447	12.0025147137181	0.218114338720081	0	TRUE	TRUE	FALSE	LT	EN	TRUE	11126449	11126449	Insecta	Staphylinidae	Typhlocyptus	Animalia	Coleoptera	Arthropoda	Typhlocyptus creticus	NA
Zelotes creticus	Araneae	17	30	1658.65383132215	1606.25042056458	861.356819675114	140.317572853556	100.426953436014	41.445908409931	8.76954582053694	FALSE	FALSE	FALSE	LNT	NT/LC	FALSE	2132549	2132549	Arachnida	Gnaphosidae	Zelotes	Animalia	Araneae	Arthropoda	Zelotes creticus	NA
Erodius orientalis boyeri	Coleoptera	2	2	NA	NA	NA	NA	8.00536311837374	0.896284185534418	0	TRUE	TRUE	FALSE	LT	EN	TRUE	8982145	8982145	Insecta	Tenebrionidae	Erodius	Animalia	Coleoptera	Arthropoda	Erodius orientalis	Erodius orientalis boyeri
Sigara nigrolineata mendax	Heteroptera	10	19	3040.45042044746	2700.25123426675	652.315056216522	166.214395974158	48.21934099271	8.26299406324897	1.47578851496286	TRUE	FALSE	FALSE	PT	VU	TRUE	4485424	4485424	Insecta	Corixidae	Sigara	Animalia	Hemiptera	Arthropoda	Sigara nigrolineata	Sigara nigrolineata mendax
Eupholidoptera cretica	Orthoptera	4	11	88.751890315124	88.751890315124	88.751890315124	0.560938504180037	24.0824769151876	21.8262820913573	0.0966079840699112	TRUE	TRUE	FALSE	LT	EN	TRUE	1690242	1690242	Insecta	Tettigoniidae	Eupholidoptera	Animalia	Orthoptera	Arthropoda	Eupholidoptera cretica	NA
Aelurillus cretensis	Araneae	10	11	4095.68864005436	3857.72782557617	1299.27333160083	293.229474284373	40.0067679136258	15.4320538512448	1.92478461309219	TRUE	FALSE	FALSE	PT	VU	TRUE	2168665	2168665	Arachnida	Salticidae	Aelurillus	Animalia	Araneae	Arthropoda	Aelurillus cretensis	NA
Afropselaphus assingi	Coleoptera	1	2	NA	NA	NA	NA	4.01276997350532	4.01276997350546	0.232519206479508	TRUE	TRUE	TRUE	LT	CR	TRUE	11183131	11183131	Insecta	Staphylinidae	Afropselaphus	Animalia	Coleoptera	Arthropoda	Afropselaphus assingi	NA
Afropselaphus dornfeldae	Coleoptera	1	1	NA	NA	NA	NA	4.01412735597619	4.01412735597665	0	TRUE	TRUE	TRUE	LT	CR	TRUE	NA	NA	NA	NA	NA	NA	NA	NA	NA	NA
Anthaxia brodskyi	Coleoptera	1	1	NA	NA	NA	NA	4.01221346684678	4.01221346684698	0	TRUE	TRUE	TRUE	LT	CR	TRUE	4431835	4431835	Insecta	Buprestidae	Anthaxia	Animalia	Coleoptera	Arthropoda	Anthaxia brodskyi	NA
Anthaxia margotana	Coleoptera	3	5	257.145374763683	257.145374763681	191.118147142029	3.586866234928	20.0612749228543	15.2597349840885	1.70153570999839	TRUE	TRUE	FALSE	LT	EN	TRUE	4431615	4431615	Insecta	Buprestidae	Anthaxia	Animalia	Coleoptera	Arthropoda	Anthaxia margotana	NA
Anthaxia praeclara creticola	Coleoptera	10	13	2540.75736918607	2535.96922716923	788.219433074463	213.553609843318	48.0698888754722	19.656873911078	6.07292941772928	TRUE	FALSE	FALSE	PT	VU	TRUE	6872090	6872090	Insecta	Buprestidae	Anthaxia	Animalia	Coleoptera	Arthropoda	Anthaxia praeclara	Anthaxia praeclara creticola
Atheta cretica	Coleoptera	2	3	2.50266340242854	2.50266340140911	1.32023282478952	0.147322814744971	11.9956296870348	11.9956296870347	0.51116608259317	TRUE	TRUE	FALSE	LT	EN	TRUE	NA	NA	NA	NA	NA	NA	NA	NA	NA	NA
Atheta digitalis	Coleoptera	2	2	NA	NA	NA	NA	7.99924979282529	7.99924979282459	1.30674763781447	TRUE	TRUE	FALSE	LT	EN	TRUE	11194073	11194073	Insecta	Staphylinidae	Atheta	Animalia	Coleoptera	Arthropoda	Atheta digitalis	NA
Bellatheta albimontis	Coleoptera	1	3	0.222624516962994	0.222624516962994	0.222624516962994	0.0581028068221454	16.0520825615693	16.0520825615715	0.489069357258502	TRUE	TRUE	TRUE	LT	CR	TRUE	9998587	9998587	Insecta	Staphylinidae	Bellatheta	Animalia	Coleoptera	Arthropoda	Bellatheta albimontis	NA
Dendarus wettsteini	Coleoptera	3	43	72.6692270515	72.6692270515	72.6692270515	0.0816720442791641	60.2100980131375	60.210098013137	2.70770242137262	TRUE	TRUE	FALSE	LT	EN	TRUE	8953024	8953024	Insecta	Tenebrionidae	Dendarus	Animalia	Coleoptera	Arthropoda	Dendarus wettsteini	NA
Drusilla cretica	Coleoptera	8	10	1129.95793792552	1111.50503191423	501.209470388961	53.514706815484	44.1579184468907	33.190887184684	5.31599300318519	TRUE	FALSE	FALSE	PT	VU	TRUE	10651750	10651750	Insecta	Staphylinidae	Drusilla	Animalia	Coleoptera	Arthropoda	Drusilla cretica	NA
Eupholidoptera giuliae	Orthoptera	18	38	1651.60764355966	1391.68958210568	563.668006939291	82.0555054161353	136.503734980678	61.889577567386	13.9895978543019	FALSE	FALSE	FALSE	LNT	NT/LC	FALSE	1690274	1690274	Insecta	Tettigoniidae	Eupholidoptera	Animalia	Orthoptera	Arthropoda	Eupholidoptera giuliae	NA
Eupholidoptera pallipes	Orthoptera	2	10	2.08341999027174	2.08341999027174	2.08341999027174	0.0303808066165423	8.02958383496765	8.02958383496807	1.89027126680059	TRUE	TRUE	FALSE	LT	EN	TRUE	1690267	1690267	Insecta	Tettigoniidae	Eupholidoptera	Animalia	Orthoptera	Arthropoda	Eupholidoptera pallipes	NA
Faronus albimontium	Coleoptera	1	3	0	0	0	0	4.01286225465875	4.0128622546584	0.262706677172405	TRUE	TRUE	TRUE	LT	CR	TRUE	11145468	11145468	Insecta	Staphylinidae	Faronus	Animalia	Coleoptera	Arthropoda	Faronus albimontium	NA
Heterocordylus heissi	Heteroptera	1	1	NA	NA	NA	NA	4.01297885347693	4.01297885347641	0	TRUE	TRUE	TRUE	LT	CR	TRUE	NA	NA	NA	NA	NA	NA	NA	NA	NA	NA
Kalama cretica	Heteroptera	2	2	NA	NA	NA	NA	8.02724511364659	4.19378563369206	0.320905888797045	TRUE	TRUE	FALSE	LT	EN	TRUE	4489065	4489065	Insecta	Tingidae	Dictyonota	Animalia	Hemiptera	Arthropoda	Dictyonota cretica	NA
Leiopus nebulosus insulanus	Coleoptera	1	2	NA	NA	NA	NA	4.01287620319073	4.01287620319073	0	TRUE	TRUE	TRUE	LT	CR	TRUE	5819538	5819538	Insecta	Cerambycidae	Leiopus	Animalia	Coleoptera	Arthropoda	Leiopus nebulosus	NA
Ocalea cretica	Coleoptera	5	5	379.280242596006	379.28024259626	166.935494597124	38.4940641713379	20.0035906273547	16.6930011521902	2.42186657391231	TRUE	TRUE	FALSE	LT	EN	TRUE	NA	NA	NA	NA	NA	NA	NA	NA	NA	NA
Palmar cretica	Coleoptera	6	6	755.78012483867	738.143973953135	329.958713462953	22.7914892368453	24.0705232629651	10.925756082244	3.51297091545369	TRUE	FALSE	FALSE	PT	VU	TRUE	9410498	9410498	Insecta	Buprestidae	Lamprodila	Animalia	Coleoptera	Arthropoda	Lamprodila cretica	NA
Phlegra theseusi	Araneae	4	4	89.6539754989802	86.4964895458769	81.2978796522092	12.9124775337853	15.9934459948789	13.4027529930663	3.88269312373411	TRUE	TRUE	FALSE	LT	EN	TRUE	2168518	2168518	Arachnida	Salticidae	Phlegra	Animalia	Araneae	Arthropoda	Phlegra theseusi	NA
Phymatiotris quadricollis cretica	Coleoptera	27	52	13254.2488952817	6774.36523309798	1852.98980605308	475.429478784427	172.214767625229	74.0447416888907	22.4874691525295	FALSE	FALSE	FALSE	LNT	NT/LC	FALSE	4761446	4761446	Insecta	Tenebrionidae	Pachyscelis	Animalia	Coleoptera	Arthropoda	NA	NA
Platycleis albopunctata cretica	Orthoptera	11	33	1077.78054439234	1077.78054439234	482.966884969969	109.982338246632	84.0163229241104	78.7654430292898	26.3907886590403	FALSE	FALSE	FALSE	LNT	NT/LC	FALSE	NA	NA	NA	NA	NA	NA	NA	NA	NA	NA
Quedius praecisus	Coleoptera	2	3	42.6441879461409	42.6441879461409	16.6418674593445	2.62421310076884	16.0152839747913	16.0152839747908	0.142270874660285	TRUE	TRUE	FALSE	LT	EN	TRUE	10437946	10437946	Insecta	Staphylinidae	Quedius	Animalia	Coleoptera	Arthropoda	Quedius praecisus	NA
Trichoferus berberidis	Coleoptera	5	7	2481.33249775308	2158.320097071	769.410690130437	140.72012664746	20.0807642963956	12.0491249037236	2.11151952622395	TRUE	TRUE	FALSE	LT	EN	TRUE	1151424	1151424	Insecta	Cerambycidae	Trichoferus	Animalia	Coleoptera	Arthropoda	Trichoferus berberidis	NA
Walckenaeria hammus	Araneae	2	2	NA	NA	NA	NA	8.03066590359673	8.03066590359591	0	TRUE	TRUE	FALSE	LT	EN	TRUE	2134734	2134734	Arachnida	Linyphiidae	Walckenaeria	Animalia	Araneae	Arthropoda	Walckenaeria hamus	NA
Chrysis pseudoscutellaris	Hymenoptera	13	15	5688.14815535345	4947.10693963117	1231.61368381321	319.065531392198	59.985993828683696	18.5718783903944	2.37588323745653	FALSE	FALSE	FALSE	LNT	NT/LC	FALSE	8863987	8863987	Insecta	Masaridae	Chrysis	Animalia	Hymenoptera	Arthropoda	Chrysis pseudoscutellaris	NA
Grammoptera auricollis basicornis	Coleoptera	5	6	800.356131332312	800.356131332312	352.562850359748	83.8872825321406	20.0880764031501	15.9987438021449	0.259835395506112	TRUE	TRUE	FALSE	LT	EN	TRUE	4458804	4458804	Insecta	Cerambycidae	Grammoptera	Animalia	Coleoptera	Arthropoda	Grammoptera auricollis	Grammoptera auricollis basicornis
Iurus dekanum	Scorpiones	15	29	5579.08773090084	5046.18544693282	1530.56750887449	368.106276042668	84.0690919007394	43.676591684404	10.0789521377174	FALSE	FALSE	FALSE	LNT	NT/LC	FALSE	8006760	8006760	Arachnida	Iuridae	Iurus	Animalia	Scorpiones	Arthropoda	Iurus dekanum	NA
Orchamus raulinii	Orthoptera	13	37	6736.87820839861	5200.51789763925	1369.01610066161	333.107762822641	88.3996923220049	46.4599810487406	12.0762299342117	FALSE	FALSE	FALSE	LNT	NT/LC	FALSE	1698568	1698568	Insecta	Pamphagidae	Orchamus	Animalia	Orthoptera	Arthropoda	Orchamus raulinii	NA
Temnothorax variabilis	Hymenoptera	12	14	3126.71065434969	2710.1619820609	734.317877017358	163.724450559893	60.2058375990499	16.888452593489	3.42412047943474	FALSE	FALSE	FALSE	LNT	NT/LC	FALSE	8314083	8314083	Insecta	Formicidae	Temnothorax	Animalia	Hymenoptera	Arthropoda	NA	NA
Amaurobius candia	Araneae	8	9	1792.51108509056	1744.0515120927	648.755310357887	133.476166579293	32.0112217932556	15.5044899231558	2.96617679353615	TRUE	FALSE	FALSE	PT	VU	TRUE	2141625	2141625	Arachnida	Amaurobiidae	Amaurobius	Animalia	Araneae	Arthropoda	Amaurobius candia	NA
Limnephilus minos	Trichoptera	5	6	1005.32184982559	900.494075246569	339.475138317212	58.5529219594539	24.0730308140251	9.92429919458245	3.18209968077447	TRUE	TRUE	FALSE	LT	EN	TRUE	1442508	1442508	Insecta	Limnephilidae	Limnephilus	Animalia	Trichoptera	Arthropoda	Limnephilus minos	NA
Oxyopomyrmex laevibus	Hymenoptera	2	2	NA	NA	NA	NA	4.00392234078682	0	0	TRUE	TRUE	FALSE	LT	EN	TRUE	8175532	8175532	Insecta	Formicidae	Oxyopomyrmex	Animalia	Hymenoptera	Arthropoda	Oxyopomyrmex laevibus	NA
Pimelia phymatodes	Coleoptera	10	14	6159.86370793617	4880.99008772904	1216.739217513	323.291056417261	56.0706297660531	8.12346226937043	3.56903619270572	TRUE	FALSE	FALSE	PT	VU	TRUE	1208967	1208967	Insecta	Tenebrionidae	Pimelia	Animalia	Coleoptera	Arthropoda	NA	NA
Pimelia sericella	Coleoptera	7	7	4914.16025401967	3597.52018850212	820.574274257532	237.224978145282	28.012490971213	1.86087281813371	1.93276589775375	TRUE	FALSE	FALSE	PT	VU	TRUE	NA	NA	NA	NA	NA	NA	NA	NA	NA	NA
Dendarus maximus	Coleoptera	3	23	41.861532530844	24.5071464427084	24.5071464427064	0	48.0058853405464	23.8129315324438	0	TRUE	TRUE	FALSE	LT	EN	TRUE	9179727	9179727	Insecta	Tenebrionidae	Dendarus	Animalia	Coleoptera	Arthropoda	Dendarus maximus	NA
Eupholidoptera jacquelinae	Orthoptera	3	13	39.5028156829035	22.3445943400721	22.3445943401907	0	48.003622849533	25.2370330501914	0	TRUE	TRUE	FALSE	LT	EN	TRUE	1690298	1690298	Insecta	Tettigoniidae	Eupholidoptera	Animalia	Orthoptera	Arthropoda	Eupholidoptera jacquelinae	NA
Raiboscelis corvinus bilyi	Coleoptera	3	10	13.559501228182	6.65911963930596	6.65911963930579	0	28.1208061625724	16.8688811944072	0	TRUE	TRUE	FALSE	LT	EN	TRUE	5750009	5750009	Insecta	Tenebrionidae	Raiboscelis	Animalia	Coleoptera	Arthropoda	Raiboscelis corvinus	Raiboscelis corvinus bilyi
Anamastigona mediterranea	Diplopoda	1	2	NA	NA	NA	NA	3.99912114152925	3.99912114152925	0	TRUE	TRUE	TRUE	LT	CR	TRUE	1022773	1022773	Diplopoda	Anthroleucosomatidae	Anamastigona	Animalia	Chordeumatida	Arthropoda	Anamastigona mediterranea	NA
Lithobius creticus	Chilopoda	25	66	6434.03780574864	4361.80705674203	1344.27990306284	331.982004713887	156.11420414845	42.5609875220858	28.3993883785306	FALSE	FALSE	FALSE	LNT	NT/LC	FALSE	2229605	2229605	Chilopoda	Lithobiidae	Lithobius	Animalia	Lithobiomorpha	Arthropoda	Lithobius creticus	NA
Ovaliptila lindbergi	Orthoptera	26	73	5268.02403731208	4652.59053845792	1222.98454553102	322.535660278563	139.963752913779	54.3131452271095	18.3756286700819	FALSE	FALSE	FALSE	LNT	NT/LC	FALSE	1721555	1721555	Insecta	Gryllidae	Ovaliptila	Animalia	Orthoptera	Arthropoda	Ovaliptila lindbergi	NA
Phytocoris eduardi	Heteroptera	3	3	195.001430812502	190.781775351339	153.725262808208	27.9191129546404	12.048277739986201	3.1779863937792	0	TRUE	TRUE	FALSE	LT	EN	TRUE	4487425	4487425	Insecta	Miridae	Phytocoris	Animalia	Hemiptera	Arthropoda	Phytocoris eduardi	NA
Phytocoris malickyi	Heteroptera	3	3	237.453234637554	230.199789242012	166.222476070752	27.9639575241949	12.0499028650104	7.20584253623608	1.94737404779669	TRUE	TRUE	FALSE	LT	EN	TRUE	NA	NA	NA	NA	NA	NA	NA	NA	NA	NA
Aphaenogaster balcanicoides	Hymenoptera	1	1	NA	NA	NA	NA	4.00711307586856	0	0	TRUE	TRUE	TRUE	LT	CR	TRUE	1315863	1315863	Insecta	Formicidae	Aphaenogaster	Animalia	Hymenoptera	Arthropoda	NA	NA
Periclista cretica	Hymenoptera	4	4	788.849009012655	754.017146278901	252.15799439526	33.1765724714994	16.0555617292426	4.45717075138029	0	TRUE	TRUE	FALSE	LT	EN	TRUE	4490304	4490304	Insecta	Tenthredinidae	Periclista	Animalia	Hymenoptera	Arthropoda	Periclista cretica	NA
Acrosternum malickyi	Heteroptera	5	5	1733.23458908768	1090.60304617677	264.217362164767	83.6598506661936	20.0599985575033	3.85045849569455	2.47101892766842	TRUE	TRUE	FALSE	LT	EN	TRUE	4485829	4485829	Insecta	Pentatomidae	Acrosternum	Animalia	Hemiptera	Arthropoda	Acrosternum malickyi	NA
Nemesia daedali	Araneae	4	4	310.101913549893	211.723108979236	13.5579173610435	6.32314528589999	16.0486442427056	0	3.87600293525159	TRUE	TRUE	FALSE	LT	EN	TRUE	5170583	5170583	Arachnida	Nemesiidae	Nemesia	Animalia	Araneae	Arthropoda	Nemesia daedali	NA
Orthonotus creticus	Heteroptera	3	3	1730.81135622279	1062.87172262137	231.744266494514	63.2313229752033	12.0316642426092	0	2.61943744380333	TRUE	TRUE	FALSE	LT	EN	TRUE	8230708	8230708	Insecta	Miridae	Orthonotus	Animalia	Hemiptera	Arthropoda	Orthonotus creticus	NA
Tentyria sporadica gavdosana	Coleoptera	2	9	8.17817762015365	8.17817762015353	8.17817762015353	0	32.0011615160219	23.7295716901347	0	TRUE	TRUE	FALSE	LT	EN	TRUE	4455442	4455442	Insecta	Tenebrionidae	Tentyria	Animalia	Coleoptera	Arthropoda	Tentyria sporadica	Tentyria sporadica gavdosana
Yllenus gavdos	Araneae	1	1	NA	NA	NA	NA	4.00088739942127	3.85133379280915	0	TRUE	TRUE	TRUE	LT	CR	TRUE	2177457	2177457	Arachnida	Salticidae	Pseudomogrus	Animalia	Araneae	Arthropoda	Pseudomogrus gavdos	NA
Zabrus oertzeni stepaneki	Coleoptera	1	1	NA	NA	NA	NA	3.99995162268652	3.999951622686	0	TRUE	TRUE	TRUE	LT	CR	TRUE	8907867	8907867	Insecta	Carabidae	Zabrus	Animalia	Coleoptera	Arthropoda	Zabrus oertzeni	Zabrus oertzeni stepaneki
Agapanthia cretica	Coleoptera	5	6	1323.65267956177	1319.03888933565	597.054505624969	124.797445797812	20.004504411362	10.9383822869189	2.36656400545776	TRUE	TRUE	FALSE	LT	EN	TRUE	NA	NA	NA	NA	NA	NA	NA	NA	NA	NA
Amblyiulus creticus	Diplopoda	7	8	3831.47776142065	3119.84479891966	766.552002152455	199.943659063355	32.0423662456645	3.31176857513837	0	TRUE	FALSE	FALSE	PT	VU	TRUE	1012218	1012218	Diplopoda	Julidae	Amblyiulus	Animalia	Julida	Arthropoda	Amblyiulus creticus	NA
Anamastigona penicillata	Diplopoda	1	1	NA	NA	NA	NA	4.01470108883377	1.81739505175458	0	TRUE	TRUE	TRUE	LT	CR	TRUE	1022774	1022774	Diplopoda	Anthroleucosomatidae	Anamastigona	Animalia	Chordeumatida	Arthropoda	Anamastigona penicillata	NA
Dichrooscytus impros	Heteroptera	1	1	NA	NA	NA	NA	3.99970010157416	3.64839805675545	0	TRUE	TRUE	TRUE	LT	CR	TRUE	4487663	4487663	Insecta	Miridae	Dichrooscytus	Animalia	Hemiptera	Arthropoda	Dichrooscytus impros	NA
Messor concolor	Hymenoptera	1	1	NA	NA	NA	NA	4.00047879995348	1.99982276057479	0	TRUE	TRUE	TRUE	LT	CR	TRUE	1316470	1316470	Insecta	Formicidae	Messor	Animalia	Hymenoptera	Arthropoda	Messor concolor	NA
Orthotylus mariagratiae	Heteroptera	2	2	NA	NA	NA	NA	8.00169503952814	6.5235247165145	2.26808015243799	TRUE	TRUE	FALSE	LT	EN	TRUE	NA	NA	NA	NA	NA	NA	NA	NA	NA	NA
Acmaeoderella rezeki	Coleoptera	1	1	NA	NA	NA	NA	4.01159029908139	0	0	TRUE	TRUE	TRUE	LT	CR	TRUE	NA	NA	NA	NA	NA	NA	NA	NA	NA	NA
Crocallis helenaria	Lepidoptera	3	3	267.848855567231	263.978027551547	146.476549643315	32.5767913335293	11.9977108357828	1.73796920793857	0.823171306067708	TRUE	TRUE	FALSE	LT	EN	TRUE	4524764	4524764	Insecta	Geometridae	Crocallis	Animalia	Lepidoptera	Arthropoda	Crocallis helenaria	NA
Euplectus assingi	Coleoptera	6	6	1201.08107416846	1089.43223065678	420.832807206628	80.4501769895652	24.0146189512664	6.62337975178707	0.00195329654910343	TRUE	FALSE	FALSE	PT	VU	TRUE	11123989	11123989	Insecta	Staphylinidae	Euplectus	Animalia	Coleoptera	Arthropoda	Euplectus assingi	NA
Amauronyx askifouicus	Coleoptera	1	1	NA	NA	NA	NA	3.99885132347139	3.99885132347139	1.90128897412022	TRUE	TRUE	TRUE	LT	CR	TRUE	11137974	11137974	Insecta	Staphylinidae	Amauronyx	Animalia	Coleoptera	Arthropoda	Amauronyx askifouicus	NA
Tinodes rethimnon	Trichoptera	3	3	268.702357222664	268.702357222664	46.3509582159758	17.4217869313596	12.0399122424456	4.01914952748979	1.16063996663765	TRUE	TRUE	FALSE	LT	EN	TRUE	5053720	5053720	Insecta	Psychomyiidae	Tinodes	Animalia	Trichoptera	Arthropoda	Tinodes rethimnon	NA
Anthaxia senicula cretica	Coleoptera	2	3	150.154451610462	148.752949339503	70.3969676176549	9.04521846976887	12.0412099546592	7.01362399911655	1.09731781753681	TRUE	TRUE	FALSE	LT	EN	TRUE	9336070	9336070	Insecta	Buprestidae	Anthaxia	Animalia	Coleoptera	Arthropoda	Anthaxia senicula	Anthaxia senicula cretica
Chrysis grohmanni cretensis	Hymenoptera	3	3	297.204530667351	276.45524094736	123.097933189222	15.811163968231	12.003293013417	6.78836301826071	4.85351455899976	TRUE	TRUE	FALSE	LT	EN	TRUE	9170885	9170885	Insecta	Masaridae	Chrysis	Animalia	Hymenoptera	Arthropoda	Chrysis grohmanni	Chrysis grohmanni creteensis
Dendarus foraminosus foraminosus	Coleoptera	41	168	4820.3689993366	4343.37010913511	1120.29268900281	302.013707966526	420.231633410411	167.619649232918	67.8637946861738	FALSE	FALSE	FALSE	LNT	NT/LC	FALSE	8874051	8874051	Insecta	Tenebrionidae	Dendarus	Animalia	Coleoptera	Arthropoda	Dendarus foraminosus	NA
Palliduphantes malickyi	Araneae	4	4	1435.3193482551	1435.3193482551	500.709639636175	87.3530963727055	16.0020084839716	7.68063494104108	1.54175914596939	TRUE	TRUE	FALSE	LT	EN	TRUE	2135775	2135775	Arachnida	Linyphiidae	Palliduphantes	Animalia	Araneae	Arthropoda	Palliduphantes malickyi	NA
Temnothorax ariadnae	Hymenoptera	7	11	242.153744778153	242.15374477813899	63.2209442312961	11.3855030599165	48.1886470284845	13.9107895915585	1.20437097246889	TRUE	FALSE	FALSE	PT	VU	TRUE	9159904	9159904	Insecta	Formicidae	Temnothorax	Animalia	Hymenoptera	Arthropoda	Temnothorax ariadnae	NA
Phytocoris parvuloides	Heteroptera	1	1	NA	NA	NA	NA	4.00264115676965	0	0	TRUE	TRUE	TRUE	LT	CR	TRUE	4487409	4487409	Insecta	Miridae	Phytocoris	Animalia	Hemiptera	Arthropoda	Phytocoris parvuloides	NA
Pellenes florii	Araneae	1	1	NA	NA	NA	NA	4.01142787039379	0	0	TRUE	TRUE	TRUE	LT	CR	TRUE	11735154	11735154	Arachnida	Salticidae	Pellenes	Animalia	Araneae	Arthropoda	Pellenes florii	NA
Tschitscherinellus cordatus minos	Coleoptera	8	13	4143.1655037122	3402.695292466	860.317125795554	248.138383807863	39.9765951474091	0.49789394771047	2.11407287984052	TRUE	FALSE	FALSE	PT	VU	TRUE	4475556	4475556	Insecta	Carabidae	Tschitscherinellus	Animalia	Coleoptera	Arthropoda	Tschitscherinellus cordatus	Tschitscherinellus cordatus minos
Sepedophilus creticus	Coleoptera	4	4	523.002328667935	523.002328667935	248.267518670115	66.3403401929885	16.0055390013149	15.9460717740984	2.02510416551189	TRUE	TRUE	FALSE	LT	EN	TRUE	11221453	11221453	Insecta	Staphylinidae	Sepedophilus	Animalia	Coleoptera	Arthropoda	Sepedophilus creticus	NA
Macrotylus soosi	Heteroptera	6	8	1937.9228402378899	1932.87615529566	549.587192563316	161.030901383408	35.999143627249	8.32501400579673	4.92056477265879	TRUE	FALSE	FALSE	PT	VU	TRUE	NA	NA	NA	NA	NA	NA	NA	NA	NA	NA
Maurodactylus fulvus	Heteroptera	3	3	374.665508391641	374.665508391641	118.399449426627	22.5682545670616	12.0028836801321	3.04620714404666	1.71883701966381	TRUE	TRUE	FALSE	LT	EN	TRUE	4488524	4488524	Insecta	Miridae	Maurodactylus	Animalia	Hemiptera	Arthropoda	Maurodactylus fulvus	NA
Zabrus oertzeni oertzeni	Coleoptera	12	37	985.088524369591	982.976969896158	366.633074755287	108.246230576738	91.9862948582421	48.0673627018498	18.0992010172141	FALSE	FALSE	FALSE	LNT	NT/LC	FALSE	9143302	9143302	Insecta	Carabidae	Zabrus	Animalia	Coleoptera	Arthropoda	Zabrus oertzeni	Zabrus oertzeni oertzeni
Eupholidoptera astyla	Orthoptera	22	98	3525.75648540971	3427.0732828506	903.530863994878	242.560129037913	204.248746695652	111.103565434756	35.9228709939126	FALSE	FALSE	FALSE	LNT	NT/LC	FALSE	1690258	1690258	Insecta	Tettigoniidae	Eupholidoptera	Animalia	Orthoptera	Arthropoda	Eupholidoptera astyla	NA
Lesteva nitidicollis	Coleoptera	2	2	NA	NA	NA	NA	8.00310857792403	7.8976436788796	0.00405957067587231	TRUE	TRUE	FALSE	LT	EN	TRUE	4444033	4444033	Insecta	Staphylinidae	Lesteva	Animalia	Coleoptera	Arthropoda	Lesteva nitidicollis	NA
Geostiba inexsecta	Coleoptera	2	3	0	0	0	0	12.0408396597782	0.174691619187468	0	TRUE	TRUE	FALSE	LT	EN	TRUE	11212702	11212702	Insecta	Staphylinidae	Geostiba	Animalia	Coleoptera	Arthropoda	Geostiba inexsecta	NA
Nebula schneideraria eteocretica	Lepidoptera	2	2	NA	NA	NA	NA	8.03222191541561	0	0.42738475414282	TRUE	TRUE	FALSE	LT	EN	TRUE	8771478	8771478	Insecta	Geometridae	Nebula	Animalia	Lepidoptera	Arthropoda	Nebula schneideraria	NA
Philodromus johani	Araneae	2	2	NA	NA	NA	NA	8.00431242049481	2.1577279827815	1.30927165972569	TRUE	TRUE	FALSE	LT	EN	TRUE	6719167	6719167	Arachnida	Philodromidae	Philodromus	Animalia	Araneae	Arthropoda	Philodromus johani	NA
Drassylus pumiloides	Araneae	6	11	1456.82959784296	1456.82959784296	360.444708042065	100.392835429181	32.0197957755475	18.3771094738048	8.69416373614236	TRUE	FALSE	FALSE	PT	VU	TRUE	NA	NA	NA	NA	NA	NA	NA	NA	NA	NA
Leptodrassus hadjissaranti	Araneae	4	10	615.802876239549	615.802876239565	37.5575005628223	22.8935018014497	24.0496963728116	0	4.07064061256467	TRUE	TRUE	FALSE	LT	EN	TRUE	2132806	2132806	Arachnida	Gnaphosidae	Leptopilos	Animalia	Araneae	Arthropoda	Leptopilos hadjissaranti	NA
Acinopus creticus	Coleoptera	4	21	81.889451655143	81.8894516551408	81.8894516551408	24.4705221629609	32.0024550776351	32.002455077636	6.584966846879	TRUE	TRUE	FALSE	LT	EN	TRUE	4475249	4475249	Insecta	Carabidae	Acinopus	Animalia	Coleoptera	Arthropoda	Acinopus creticus	NA
Dendarus politus	Coleoptera	6	56	546.798389322473	546.798389322473	229.345337975248	47.0552710629228	96.0442765755585	92.7095466891053	17.6792693109372	TRUE	FALSE	FALSE	PT	VU	TRUE	8875305	8875305	Insecta	Tenebrionidae	Dendarus	Animalia	Coleoptera	Arthropoda	Dendarus politus	NA
Rhacocleis derrai	Orthoptera	11	45	3400.48890090232	3044.06075084129	757.621304715425	239.872446043743	68.1233075533437	28.8207338644396	16.6276335587855	FALSE	FALSE	FALSE	LNT	NT/LC	FALSE	1694225	1694225	Insecta	Tettigoniidae	Rhacocleis	Animalia	Orthoptera	Arthropoda	Rhacocleis derrai	NA
Temnothorax incompletus	Hymenoptera	2	2	NA	NA	NA	NA	8.00526967043588	1.20424628627946	1.20547899657161	TRUE	TRUE	FALSE	LT	EN	TRUE	8314083	8314083	Insecta	Formicidae	Temnothorax	Animalia	Hymenoptera	Arthropoda	NA	NA
Aloconota minoica	Coleoptera	3	4	606.175551637979	533.995639694184	144.680075611035	26.4894715713392	12.0030748104783	4.0035586717859	0.264695372671519	TRUE	TRUE	FALSE	LT	EN	TRUE	9951020	9951020	Insecta	Staphylinidae	Aloconota	Animalia	Coleoptera	Arthropoda	Aloconota minoica	NA
Bidessus cretensis	Coleoptera	1	1	NA	NA	NA	NA	4.01134054094916	0	0	TRUE	TRUE	TRUE	LT	CR	TRUE	4469933	4469933	Insecta	Dytiscidae	Bidessus	Animalia	Coleoptera	Arthropoda	Bidessus cretensis	NA
Dolichopoda paraskevi	Orthoptera	10	60	1893.37094057715	1819.19636359627	371.940438148369	126.479822739796	76.0414842551771	30.4096140435519	9.03003574553275	TRUE	FALSE	FALSE	PT	VU	TRUE	NA	NA	NA	NA	NA	NA	NA	NA	NA	NA
Raiboscelis corvinus brodskyi	Coleoptera	6	39	305.237950597284	305.237950597256	77.9902041824951	28.1369195961119	44.1181872699832	18.5639761832015	4.77548471491057	TRUE	FALSE	FALSE	PT	VU	TRUE	5750007	5750007	Insecta	Tenebrionidae	Raiboscelis	Animalia	Coleoptera	Arthropoda	Raiboscelis corvinus	Raiboscelis corvinus brodskyi
Eupholidoptera forcipata	Orthoptera	2	18	22.7693613211808	22.7693613211808	22.7693613211808	3.01301111688835	24.0036027946031	24.0036027946036	3.35937913307662	TRUE	TRUE	FALSE	LT	EN	TRUE	1690301	1690301	Insecta	Tettigoniidae	Eupholidoptera	Animalia	Orthoptera	Arthropoda	Eupholidoptera forcipata	NA
Eupholidoptera gemellata	Orthoptera	1	9	0.680610646066695	0.680610646067364	0.680610646067364	0	12.0047872346856	12.0047872346865	0	TRUE	TRUE	TRUE	LT	CR	TRUE	1690310	1690310	Insecta	Tettigoniidae	Eupholidoptera	Animalia	Orthoptera	Arthropoda	Eupholidoptera gemellata	NA
Geostiba idaea	Coleoptera	5	7	104.353195722562	104.353195722562	69.9906117793638	18.2791097617877	28.1136663388247	20.0921509361926	4.68340104823155	TRUE	TRUE	FALSE	LT	EN	TRUE	NA	NA	NA	NA	NA	NA	NA	NA	NA	NA
Raiboscelis corvinus slamai	Coleoptera	2	4	3.49812529110933	3.49812529110933	3.49812529110933	0	20.0061193871855	20.006119387186	2.31279252924457	TRUE	TRUE	FALSE	LT	EN	TRUE	5750006	5750006	Insecta	Tenebrionidae	Raiboscelis	Animalia	Coleoptera	Arthropoda	Raiboscelis corvinus	Raiboscelis corvinus slamai
Tapinopterus stepaneki stepaneki	Coleoptera	2	2	NA	NA	NA	NA	8.00280748047013	8.00280748047046	0.167205650623793	TRUE	TRUE	FALSE	LT	EN	TRUE	4472327	4472327	Insecta	Carabidae	Tapinopterus	Animalia	Coleoptera	Arthropoda	Tapinopterus stepaneki	Tapinopterus stepaneki stepaneki
Anthaxia idea	Coleoptera	2	3	5.71211179894318	5.71211179894318	5.70540337625324	3.23937161613735	7.99723800959014	4.60252055273213	0.100625554481762	TRUE	TRUE	FALSE	LT	EN	TRUE	NA	NA	NA	NA	NA	NA	NA	NA	NA	NA
Bellatheta idana	Coleoptera	1	1	NA	NA	NA	NA	3.99929823910599	3.99929823910599	0.135881046160897	TRUE	TRUE	TRUE	LT	CR	TRUE	10369394	10369394	Insecta	Staphylinidae	Bellatheta	Animalia	Coleoptera	Arthropoda	Bellatheta idana	NA
Bythinus creticus	Coleoptera	1	1	NA	NA	NA	NA	4.00014327891974	4.00014327891974	2.35288895422507	TRUE	TRUE	TRUE	LT	CR	TRUE	11146563	11146563	Insecta	Staphylinidae	Bythinus	Animalia	Coleoptera	Arthropoda	Bythinus creticus	NA
Chrysis eraklionica	Hymenoptera	3	3	113.666928239389	113.666928239389	30.5877927058312	4.74056062997072	12.0033038125089	11.7078074069635	2.09774404986223	TRUE	TRUE	FALSE	LT	EN	TRUE	NA	NA	NA	NA	NA	NA	NA	NA	NA	NA
Coriomeris brevicornis	Heteroptera	1	1	NA	NA	NA	NA	4.00089200103008	4.00089200103003	0	TRUE	TRUE	TRUE	LT	CR	TRUE	4391564	4391564	Insecta	Coreidae	Coriomeris	Animalia	Hemiptera	Arthropoda	Coriomeris brevicornis	NA
Geostiba exsecta	Coleoptera	2	6	9.3784824574605	9.3784824574605	9.3784824574605	6.94538403027178	19.9947799667138	19.9947799667114	8.42597802998432	TRUE	TRUE	FALSE	LT	EN	TRUE	4442596	4442596	Insecta	Staphylinidae	Geostiba	Animalia	Coleoptera	Arthropoda	Geostiba exsecta	NA
Geostiba paulexsecta	Coleoptera	1	3	0.0254015964601885	0.0254015964601885	0.0254015964601885	0	11.9996338096069	11.9996338096069	0.338578738181872	TRUE	TRUE	TRUE	LT	CR	TRUE	10043124	10043124	Insecta	Staphylinidae	Geostiba	Animalia	Coleoptera	Arthropoda	Geostiba paulexsecta	NA
Lesteva longoelytrata cretica	Coleoptera	3	7	200.380739684706	200.380739684706	74.7960850632703	4.03535426378273	28.0217994638544	28.0217994638534	4.965147129461	TRUE	TRUE	FALSE	LT	EN	TRUE	NA	NA	NA	NA	NA	NA	NA	NA	NA	NA
Lesteva szekessyi	Coleoptera	1	1	NA	NA	NA	NA	3.99923749916939	3.99923749916991	6.96035192369754e-5	TRUE	TRUE	TRUE	LT	CR	TRUE	4444092	4444092	Insecta	Staphylinidae	Lesteva	Animalia	Coleoptera	Arthropoda	Lesteva szekessyi	NA
Myrmecopora idana	Coleoptera	2	4	7.4724758154431	7.4724758154431	7.4724758154431	6.64872163992117	15.9988674217641	15.998867421761	5.97661281261807	TRUE	TRUE	FALSE	LT	EN	TRUE	9947494	9947494	Insecta	Staphylinidae	Myrmecopora	Animalia	Coleoptera	Arthropoda	Myrmecopora idana	NA
Oxypoda idana	Coleoptera	2	2	NA	NA	NA	NA	4.01628305263851	4.01628305263851	0.462381456461236	TRUE	TRUE	FALSE	LT	EN	TRUE	10545261	10545261	Insecta	Staphylinidae	Oxypoda	Animalia	Coleoptera	Arthropoda	Oxypoda idana	NA
Pyrrhocoris niger	Heteroptera	1	2	NA	NA	NA	NA	4.00091022779404	4.00091022779444	0.180611128845987	TRUE	TRUE	TRUE	LT	CR	TRUE	4486828	4486828	Insecta	Pyrrhocoridae	Pyrrhocoris	Animalia	Hemiptera	Arthropoda	Pyrrhocoris niger	NA
Tychus lagrecai	Coleoptera	3	3	71.5011661985218	71.5011661985218	27.4980285820336	0.138451016343496	12.0108268973705	8.00577437054072	2.54486117672815	TRUE	TRUE	FALSE	LT	EN	TRUE	10261584	10261584	Insecta	Staphylinidae	Tychus	Animalia	Coleoptera	Arthropoda	Tychus lagrecai	NA
Cephennium idanum	Coleoptera	1	1	NA	NA	NA	NA	4.01380512682644	1.83140682185442	0	TRUE	TRUE	TRUE	LT	CR	TRUE	11130466	11130466	Insecta	Staphylinidae	Cephennium	Animalia	Coleoptera	Arthropoda	Cephennium idanum	NA
Cephennium latius	Coleoptera	1	1	NA	NA	NA	NA	4.01341371897423	1.76579621731139	0	TRUE	TRUE	TRUE	LT	CR	TRUE	11202419	11202419	Insecta	Staphylinidae	Cephennium	Animalia	Coleoptera	Arthropoda	Cephennium latius	NA
Cretotyphlus idanus	Coleoptera	1	1	NA	NA	NA	NA	4.01338225616373	0.345017407973788	0	TRUE	TRUE	TRUE	LT	CR	TRUE	11170471	11170471	Insecta	Staphylinidae	Cretotyphlus	Animalia	Coleoptera	Arthropoda	Cretotyphlus idanus	NA
Pristiphora parnasia	Hymenoptera	4	5	343.640852053497	342.051981402236	112.737292077223	12.2593366802221	16.0005207207144	7.31644391198162	2.6666705446893	TRUE	TRUE	FALSE	LT	EN	TRUE	8675479	8675479	Insecta	Tenthredinidae	Pristiphora	Animalia	Hymenoptera	Arthropoda	Pristiphora parnasia	NA
Oxypoda bimontium	Coleoptera	3	3	63.3126037900257	63.3126037900257	28.4568179155022	1.37358036564014	12.0078465463267	12.0078465463229	3.118494642002	TRUE	TRUE	FALSE	LT	EN	TRUE	11161699	11161699	Insecta	Staphylinidae	Oxypoda	Animalia	Coleoptera	Arthropoda	Oxypoda bimontium	NA
Laena wittmeri	Coleoptera	2	2	NA	NA	NA	NA	8.02326215611472	0	0.244637079562364	TRUE	TRUE	FALSE	LT	EN	TRUE	3261886	3261886	Insecta	Tenebrionidae	Laena	Animalia	Coleoptera	Arthropoda	NA	NA
Xanthomus ovulus	Coleoptera	2	2	NA	NA	NA	NA	8.02453001625983	0	1.00302877986847	TRUE	TRUE	FALSE	LT	EN	TRUE	4453852	4453852	Insecta	Tenebrionidae	Xanthomus	Animalia	Coleoptera	Arthropoda	Xanthomus ovulus	NA
Dendarus puncticollis	Coleoptera	19	68	5301.8860752492	3043.40163624283	633.789916024848	212.831992097368	160.22540149479	38.4916408248931	16.2267034899484	FALSE	FALSE	FALSE	LNT	NT/LC	FALSE	8918214	8918214	Insecta	Tenebrionidae	Dendarus	Animalia	Coleoptera	Arthropoda	Dendarus puncticollis	NA
Dionconotus confluens creticus	Heteroptera	2	2	NA	NA	NA	NA	7.99831826265521	2.51500084864295	2.6578821856898	TRUE	TRUE	FALSE	LT	EN	TRUE	4487679	4487679	Insecta	Miridae	Dionconotus	Animalia	Hemiptera	Arthropoda	Dionconotus confluens	Dionconotus confluens creticus
Nemesia caranhaci	Araneae	1	1	NA	NA	NA	NA	4.00081224467865	0	0	TRUE	TRUE	TRUE	LT	CR	TRUE	5170553	5170553	Arachnida	Nemesiidae	Nemesia	Animalia	Araneae	Arthropoda	Nemesia caranhaci	NA
Stenus ariadne	Coleoptera	2	2	NA	NA	NA	NA	8.02693879438935	0.0195484574394443	0	TRUE	TRUE	FALSE	LT	EN	TRUE	NA	NA	NA	NA	NA	NA	NA	NA	NA	NA
Malthonica daedali	Araneae	1	1	NA	NA	NA	NA	4.01244310837492	0	0	TRUE	TRUE	TRUE	LT	CR	TRUE	2139608	2139608	Arachnida	Agelenidae	Malthonica	Animalia	Araneae	Arthropoda	Malthonica daedali	NA
Stosatea cretica	Diplopoda	2	2	NA	NA	NA	NA	8.01893244064471	0.892688758450925	0	TRUE	TRUE	FALSE	LT	EN	TRUE	1016612	1016612	Diplopoda	Paradoxosomatidae	Stosatea	Animalia	Polydesmida	Arthropoda	Stosatea cretica	NA
Cephennium sinuosum	Coleoptera	3	3	362.128328375715	257.463748752796	67.9093845218705	15.2737098809068	12.009674604813	0.209409292557642	0	TRUE	TRUE	FALSE	LT	EN	TRUE	11182442	11182442	Insecta	Staphylinidae	Cephennium	Animalia	Coleoptera	Arthropoda	Cephennium sinuosum	NA
Kenotyphlus creticus	Coleoptera	1	1	NA	NA	NA	NA	3.99836026163095	0	0	TRUE	TRUE	TRUE	LT	CR	TRUE	9928048	9928048	Insecta	Staphylinidae	Kenotyphlus	Animalia	Coleoptera	Arthropoda	Kenotyphlus creticus	NA
Tapinopterus marani marani	Coleoptera	1	2	NA	NA	NA	NA	4.00718113089397	4.00718113088935	3.82513396073914	TRUE	TRUE	TRUE	LT	CR	TRUE	4472384	4472384	Insecta	Carabidae	Tapinopterus	Animalia	Coleoptera	Arthropoda	Tapinopterus marani	Tapinopterus marani marani
Temnothorax ikarosi	Hymenoptera	1	1	NA	NA	NA	NA	4.00759617841941	4.00759617834794	4.00759617841924	TRUE	TRUE	TRUE	LT	CR	TRUE	11870427	11870427	Insecta	Formicidae	Temnothorax	Animalia	Hymenoptera	Arthropoda	Temnothorax ikarosi	NA
Zabrus oertzeni creticus	Coleoptera	2	20	15.5452045062801	15.5452045062801	15.5452045062738	0.652156250990915	24.0288935032011	24.0288935031986	3.81405985392031	TRUE	TRUE	FALSE	LT	EN	TRUE	8754971	8754971	Insecta	Carabidae	Zabrus	Animalia	Coleoptera	Arthropoda	Zabrus oertzeni	Zabrus oertzeni creticus
Acanthopetalum furculigerum transitionis	Diplopoda	1	1	NA	NA	NA	NA	4.00451465822494	4.00451465822528	0	TRUE	TRUE	TRUE	LT	CR	TRUE	6189790	6189790	Diplopoda	Schizopetalidae	Acanthopetalum	Animalia	Callipodida	Arthropoda	Acanthopetalum furculigerum	Acanthopetalum furculigerum transitionis
Afropselaphus diktianus	Coleoptera	1	1	NA	NA	NA	NA	4.00414042403824	4.00414042403824	0	TRUE	TRUE	TRUE	LT	CR	TRUE	11207971	11207971	Insecta	Staphylinidae	Afropselaphus	Animalia	Coleoptera	Arthropoda	Afropselaphus diktianus	NA
Eupholidoptera marietheresae	Orthoptera	1	3	0	0	0	0	4.00523248845807	4.00523248845714	0	TRUE	TRUE	TRUE	LT	CR	TRUE	1690233	1690233	Insecta	Tettigoniidae	Eupholidoptera	Animalia	Orthoptera	Arthropoda	NA	NA
Geostiba diktiana	Coleoptera	1	1	NA	NA	NA	NA	4.00398598881626	4.00398598881626	0	TRUE	TRUE	TRUE	LT	CR	TRUE	9980492	9980492	Insecta	Staphylinidae	Geostiba	Animalia	Coleoptera	Arthropoda	Geostiba diktiana	NA
Myrmecopora elisa	Coleoptera	3	6	60.8272316662973	60.8272316662973	60.8272316662973	2.49229996265493	16.005265002838	13.646166851866	0	TRUE	TRUE	FALSE	LT	EN	TRUE	4442369	4442369	Insecta	Staphylinidae	Myrmecopora	Animalia	Coleoptera	Arthropoda	Myrmecopora elisa	NA
Oxypoda cretica	Coleoptera	2	2	NA	NA	NA	NA	8.0058972998933	8.00589729989328	0	TRUE	TRUE	FALSE	LT	EN	TRUE	10415544	10415544	Insecta	Staphylinidae	Oxypoda	Animalia	Coleoptera	Arthropoda	Oxypoda cretica	NA
Sunius diktianus	Coleoptera	3	4	36.0237952544496	36.0237952544496	36.0237952544496	0	12.009381684393	11.9768480223927	0	TRUE	TRUE	FALSE	LT	EN	TRUE	10041995	10041995	Insecta	Staphylinidae	Sunius	Animalia	Coleoptera	Arthropoda	Sunius diktianus	NA
Tectusa diktiana	Coleoptera	1	2	NA	NA	NA	NA	12.0162433955364	12.016243395537	0.0103583525998972	TRUE	TRUE	TRUE	LT	CR	TRUE	9946019	9946019	Insecta	Staphylinidae	Tectusa	Animalia	Coleoptera	Arthropoda	Tectusa diktiana	NA
Amaurobius cretaensis	Araneae	3	8	76.3278229143719	76.3278229143709	71.4458046845303	7.99644445061764	36.0050206314351	26.4599707301223	0.674413336449049	TRUE	TRUE	FALSE	LT	EN	TRUE	2141594	2141594	Arachnida	Amaurobiidae	Amaurobius	Animalia	Araneae	Arthropoda	Amaurobius cretaensis	NA
Cephennium arcuatum	Coleoptera	1	3	0	0	0	0	7.99956572137391	3.97352986757741	0.107285521670052	TRUE	TRUE	TRUE	LT	CR	TRUE	11214777	11214777	Insecta	Staphylinidae	Cephennium	Animalia	Coleoptera	Arthropoda	Cephennium arcuatum	NA
Cephennium selenanum	Coleoptera	1	1	NA	NA	NA	NA	3.9985355032392	3.63539143059369	0	TRUE	TRUE	TRUE	LT	CR	TRUE	11156473	11156473	Insecta	Staphylinidae	Cephennium	Animalia	Coleoptera	Arthropoda	Cephennium selenanum	NA
Cretotyphlus hamatus	Coleoptera	2	3	3.05673068859496	3.05673068859496	2.88044169862669	0.79203074553009	8.00529742662889	3.99994171247169	3.05370838093894	TRUE	TRUE	FALSE	LT	EN	TRUE	11136368	11136368	Insecta	Staphylinidae	Cretotyphlus	Animalia	Coleoptera	Arthropoda	Cretotyphlus hamatus	NA
Geostiba meybohmi	Coleoptera	4	9	131.501479812068	131.501479812064	106.833277050001	8.56863089117451	44.0363822796837	27.9247454225994	4.5444226673728	TRUE	TRUE	FALSE	LT	EN	TRUE	4442561	4442561	Insecta	Staphylinidae	Geostiba	Animalia	Coleoptera	Arthropoda	Geostiba meybohmi	NA
Sintula cretaensis	Araneae	1	1	NA	NA	NA	NA	4.0001974864671	4.0001974864671	0	TRUE	TRUE	TRUE	LT	CR	TRUE	2135119	2135119	Arachnida	Linyphiidae	Sintula	Animalia	Araneae	Arthropoda	Sintula cretaensis	NA
Walckenaeria clavilobus	Araneae	1	1	NA	NA	NA	NA	3.9999058817756	3.9999058817756	0	TRUE	TRUE	TRUE	LT	CR	TRUE	2134761	2134761	Arachnida	Linyphiidae	Walckenaeria	Animalia	Araneae	Arthropoda	Walckenaeria claviloba	NA
Dendarus mylonasi	Coleoptera	1	2	NA	NA	NA	NA	3.99888001458533	0	0	TRUE	TRUE	TRUE	LT	CR	TRUE	9096986	9096986	Insecta	Tenebrionidae	Dendarus	Animalia	Coleoptera	Arthropoda	Dendarus mylonasi	NA
Allotyphlus candicus	Coleoptera	3	4	323.91791868692	270.851326213446	52.0209080526563	9.22180742314693	16.0189157247336	4.68795955595911	2.10545186525567	TRUE	TRUE	FALSE	LT	EN	TRUE	10577274	10577274	Insecta	Staphylinidae	Allotyphlus	Animalia	Coleoptera	Arthropoda	Allotyphlus candicus	NA
Eupholidoptera feri	Orthoptera	1	4	0	0	0	0	4.0041376698823	3.8304738560302	0	TRUE	TRUE	TRUE	LT	CR	TRUE	4402659	4402659	Insecta	Tettigoniidae	Eupholidoptera	Animalia	Orthoptera	Arthropoda	Eupholidoptera feri	NA
Eupholidoptera mariannae	Orthoptera	6	19	475.380164211331	407.124083229334	92.261337065944	35.6072397534049	72.1128698695051	19.8422220611345	5.31265679794812	TRUE	FALSE	FALSE	PT	VU	TRUE	1690270	1690270	Insecta	Tettigoniidae	Eupholidoptera	Animalia	Orthoptera	Arthropoda	Eupholidoptera mariannae	NA
Myllaena cretica	Coleoptera	1	1	NA	NA	NA	NA	4.0037561335023	3.74719155645012	0	TRUE	TRUE	TRUE	LT	CR	TRUE	10804372	10804372	Insecta	Staphylinidae	Myllaena	Animalia	Coleoptera	Arthropoda	Myllaena cretica	NA
Pseudobium creticum	Coleoptera	1	2	NA	NA	NA	NA	4.00458015423706	3.94874825670592	0	TRUE	TRUE	TRUE	LT	CR	TRUE	11117479	11117479	Insecta	Staphylinidae	Pseudobium	Animalia	Coleoptera	Arthropoda	Pseudobium creticum	NA
Anastrangalia montana steineri	Coleoptera	2	2	NA	NA	NA	NA	12.0232103969206	0	0.117091030960835	TRUE	TRUE	FALSE	LT	EN	TRUE	4458817	4458817	Insecta	Cerambycidae	Anastrangalia	Animalia	Coleoptera	Arthropoda	Anastrangalia montana	Anastrangalia montana steineri
Cephennium hamulatum	Coleoptera	1	1	NA	NA	NA	NA	4.00354548729513	0	0	TRUE	TRUE	TRUE	LT	CR	TRUE	11208677	11208677	Insecta	Staphylinidae	Cephennium	Animalia	Coleoptera	Arthropoda	Cephennium hamulatum	NA
Cousya candica	Coleoptera	1	1	NA	NA	NA	NA	4.00542663795491	0	2.64545398403548	TRUE	TRUE	TRUE	LT	CR	TRUE	11133358	11133358	Insecta	Staphylinidae	Cousya	Animalia	Coleoptera	Arthropoda	Cousya candica	NA
Geomitopsis cretica	Coleoptera	2	2	NA	NA	NA	NA	8.01046242090302	0	2.08784003348905	TRUE	TRUE	FALSE	LT	EN	TRUE	11205992	11205992	Insecta	Staphylinidae	Geomitopsis	Animalia	Coleoptera	Arthropoda	Geomitopsis cretica	NA
Stenichnus orientalis	Coleoptera	2	2	NA	NA	NA	NA	8.00901992450358	0	0.214368813097272	TRUE	TRUE	FALSE	LT	EN	TRUE	11142693	11142693	Insecta	Staphylinidae	Stenichnus	Animalia	Coleoptera	Arthropoda	Stenichnus orientalis	NA
Afropselaphus thripticus	Coleoptera	1	1	NA	NA	NA	NA	4.00659187192421	4.0065918719246	0	TRUE	TRUE	TRUE	LT	CR	TRUE	11151035	11151035	Insecta	Staphylinidae	Afropselaphus	Animalia	Coleoptera	Arthropoda	Afropselaphus thripticus	NA
Amaurobius geminus	Araneae	1	2	NA	NA	NA	NA	4.00670425625265	4.00670425625267	0	TRUE	TRUE	TRUE	LT	CR	TRUE	2141574	2141574	Arachnida	Amaurobiidae	Amaurobius	Animalia	Araneae	Arthropoda	Amaurobius geminus	NA
Astenus thripticus	Coleoptera	1	2	NA	NA	NA	NA	4.00627536371492	4.00627536371492	0	TRUE	TRUE	TRUE	LT	CR	TRUE	10413082	10413082	Insecta	Staphylinidae	Astenus	Animalia	Coleoptera	Arthropoda	Astenus thripticus	NA
Cephennium thripticum	Coleoptera	1	2	NA	NA	NA	NA	4.0065012917894	4.00650129178933	0	TRUE	TRUE	TRUE	LT	CR	TRUE	11144205	11144205	Insecta	Staphylinidae	Cephennium	Animalia	Coleoptera	Arthropoda	Cephennium thripticum	NA
Geostiba thryptisensis	Coleoptera	1	6	0.951424615102295	0.951424615102295	0.951424615102295	0	4.00629368847959	4.00629368848003	0	TRUE	TRUE	TRUE	LT	CR	TRUE	4442572	4442572	Insecta	Staphylinidae	Geostiba	Animalia	Coleoptera	Arthropoda	Geostiba thryptisensis	NA
Leptobium thryptisense	Coleoptera	4	7	100.321813289298	100.161393785571	18.071276774979	4.79504889987633	24.0382900314421	12.0223902589532	1.59192024490928	TRUE	TRUE	FALSE	LT	EN	TRUE	10411562	10411562	Insecta	Staphylinidae	Leptobium	Animalia	Coleoptera	Arthropoda	Leptobium thryptisense	NA
Leptomastax thryptica	Coleoptera	1	1	NA	NA	NA	NA	4.00683573977416	4.00683573977415	0	TRUE	TRUE	TRUE	LT	CR	TRUE	11125535	11125535	Insecta	Staphylinidae	Leptomastax	Animalia	Coleoptera	Arthropoda	Leptomastax thriptica	NA
Myrmecopora thriptica	Coleoptera	1	3	0.209214302365788	0.209214302365788	0.209214302365788	0	4.00631132529333	4.00631132529286	0	TRUE	TRUE	TRUE	LT	CR	TRUE	10306494	10306494	Insecta	Staphylinidae	Myrmecopora	Animalia	Coleoptera	Arthropoda	Myrmecopora thriptica	NA
Sunius thripticus	Coleoptera	1	3	1.57542633153177	1.57542633153177	1.22367864950029	0	16.026663162065802	12.0197271824221	0.0916158411419549	TRUE	TRUE	TRUE	LT	CR	TRUE	10113904	10113904	Insecta	Staphylinidae	Sunius	Animalia	Coleoptera	Arthropoda	Sunius thripticus	NA
Tectusa thriptica	Coleoptera	1	1	NA	NA	NA	NA	4.00708979203626	4.00708979203626	0	TRUE	TRUE	TRUE	LT	CR	TRUE	10354297	10354297	Insecta	Staphylinidae	Tectusa	Animalia	Coleoptera	Arthropoda	Tectusa thriptica	NA
Cephennium curvatum	Coleoptera	1	1	NA	NA	NA	NA	4.00366778485129	0	2.16902438167834	TRUE	TRUE	TRUE	LT	CR	TRUE	11150333	11150333	Insecta	Staphylinidae	Cephennium	Animalia	Coleoptera	Arthropoda	Cephennium curvatum	NA
Eupholidoptera annamariae	Orthoptera	6	21	283.531659598334	282.871798286718	20.0306305360204	12.1592584456443	52.0890508245257	4.24316000983992	3.12880206867042	TRUE	FALSE	FALSE	PT	VU	TRUE	1690302	1690302	Insecta	Tettigoniidae	Eupholidoptera	Animalia	Orthoptera	Arthropoda	Eupholidoptera annamariae	NA
Tentyria sporadica zimmermanni	Coleoptera	1	1	NA	NA	NA	NA	4.01395583700549	2.74655971925677	2.74261019167904	TRUE	TRUE	TRUE	LT	CR	TRUE	4455441	4455441	Insecta	Tenebrionidae	Tentyria	Animalia	Coleoptera	Arthropoda	Tentyria sporadica	Tentyria sporadica zimmermanni
Dailognatha quadricollis pseudobtusangula	Coleoptera	2	3	1.80934150023046	1.03122937857861	1.03122937857969	1.02963896416683	16.0473757722945	4.28245178128103	4.26685738733719	TRUE	TRUE	FALSE	LT	EN	TRUE	4455353	4455353	Insecta	Tenebrionidae	Dailognatha	Animalia	Coleoptera	Arthropoda	Dailognatha quadricollis	Dailognatha quadricollis pseudobtusangula
Dendarus dragonadanus	Coleoptera	2	10	2.54166926189481	1.41466796075822	1.41466796075309	1.41220179273454	20.0557614487816	4.2731181099219	4.25718400920194	TRUE	TRUE	FALSE	LT	EN	TRUE	9059084	9059084	Insecta	Tenebrionidae	Dendarus	Animalia	Coleoptera	Arthropoda	Dendarus dragonadanus	NA
Cephennium fortespinosum	Coleoptera	1	1	NA	NA	NA	NA	4.00544895163989	0	0.85595025297713	TRUE	TRUE	TRUE	LT	CR	TRUE	11124400	11124400	Insecta	Staphylinidae	Cephennium	Animalia	Coleoptera	Arthropoda	Cephennium fortespinosum	NA
Euconnus zakrius	Coleoptera	1	2	NA	NA	NA	NA	4.00475514385314	0	0	TRUE	TRUE	TRUE	LT	CR	TRUE	11175828	11175828	Insecta	Staphylinidae	Euconnus	Animalia	Coleoptera	Arthropoda	Euconnus zakrius	NA
